source,target,weight
ADAL,ADAL,6
ADAL,ADLL,2
ADAL,AIAL,2
ADAL,AIBL,2
ADAL,AIBR,2
ADAL,AVAL,3
ADAL,AVAR,7
ADAL,AVBL,5
ADAL,AVBR,21
ADAL,AVDL,1
ADAL,AVDR,2
ADAL,AVEL,3
ADAL,AVJR,11
ADAL,PVPL,1
ADAL,RICL,3
ADAL,RICR,1
ADAL,RIML,9
ADAL,RIPL,4
ADAL,SMDVR,3
ADAL,URAVL,1
ADAL,URXL,2
ADAR,AIBL,1
ADAR,AIBR,3
ADAR,ASHR,2
ADAR,AVAR,8
ADAR,AVBL,8
ADAR,AVBR,15
ADAR,AVDL,2
ADAR,AVDR,3
ADAR,AVEL,1
ADAR,AVJL,13
ADAR,PVR,6
ADAR,RIFR,1
ADAR,RIMR,15
ADAR,RIPR,9
ADAR,RIVR,5
ADAR,SMDVL,1
ADAR,URXR,2
ADAR,URYDR,2
ADEL,ADAL,1
ADEL,ADEL,2
ADEL,ADER,5
ADEL,ALML,1
ADEL,AVAL,7
ADEL,AVAR,9
ADEL,AVDL,2
ADEL,AVEL,3
ADEL,AVHL,2
ADEL,AVL,1
ADEL,BDUL,1
ADEL,CEPDL,1
ADEL,CEPVL,1
ADEL,FLPL,4
ADEL,IL1L,3
ADEL,IL2L,5
ADEL,OLLL,6
ADEL,RIAL,2
ADEL,RIFL,1
ADEL,RIGL,18
ADEL,RIGR,15
ADEL,RIH,3
ADEL,RIVL,2
ADEL,RIVR,2
ADEL,RMDL,11
ADEL,RMER,1
ADEL,RMGL,7
ADEL,RMHL,1
ADEL,RMHR,2
ADEL,SAADR,1
ADEL,SIADR,2
ADEL,SIBDR,2
ADEL,SMBDR,1
ADEL,SMBVL,2
ADEL,URBL,2
ADEL,VB01,2
ADER,ADAR,1
ADER,ADEL,3
ADER,ALNR,1
ADER,ASIR,1
ADER,AVAL,9
ADER,AVAR,4
ADER,AVDR,5
ADER,AVER,4
ADER,AVJR,1
ADER,CEPDR,5
ADER,CEPVR,1
ADER,FLPL,1
ADER,FLPR,4
ADER,IL1R,1
ADER,IL2R,1
ADER,OLLR,3
ADER,RIAR,1
ADER,RIGL,12
ADER,RIGR,11
ADER,RMDL,1
ADER,RMDR,6
ADER,RMGR,5
ADER,SMDVR,1
ADER,URBR,1
ADER,URXR,2
ADFL,ADAL,2
ADFL,ADLL,1
ADFL,AFDL,1
ADFL,AIAL,2
ADFL,AIBL,2
ADFL,AIBR,1
ADFL,AIZL,39
ADFL,AUAL,12
ADFL,AWBL,2
ADFL,AWCR,2
ADFL,RIAL,46
ADFL,RIBL,4
ADFL,RIGL,4
ADFL,RIGR,1
ADFL,RIR,4
ADFL,RIVL,1
ADFL,SMBDL,1
ADFL,SMBVL,9
ADFL,SMDVL,1
ADFL,URXL,1
ADFR,ADAR,4
ADFR,ADFR,1
ADFR,AFDR,1
ADFR,AIYR,2
ADFR,AIZR,37
ADFR,ASHR,6
ADFR,AUAR,9
ADFR,AVHL,1
ADFR,AWAR,1
ADFR,AWBR,4
ADFR,AWCR,1
ADFR,BAGL,6
ADFR,OLQVR,1
ADFR,PVPR,1
ADFR,RIAR,61
ADFR,RIGR,24
ADFR,RIH,2
ADFR,RIR,7
ADFR,SMBDR,2
ADFR,SMBVR,19
ADFR,URXR,10
ADFR,URYVR,2
ADLL,ADAL,1
ADLL,AIAL,19
ADLL,AIBL,26
ADLL,ALA,5
ADLL,ASEL,1
ADLL,ASER,12
ADLL,ASGL,2
ADLL,ASHL,6
ADLL,AVAL,9
ADLL,AVAR,5
ADLL,AVBL,12
ADLL,AVDL,4
ADLL,AVDR,15
ADLL,AVJL,3
ADLL,AVJR,9
ADLL,AWAL,1
ADLL,AWBL,3
ADLL,AWCL,2
ADLL,OLQVL,2
ADLL,RIAL,1
ADLL,RIGL,1
ADLL,RIPL,3
ADLL,RIR,1
ADLL,SMBVL,5
ADLR,ADAR,1
ADLR,ADLR,3
ADLR,AIAR,22
ADLR,AIBR,27
ADLR,ASER,2
ADLR,ASHR,4
ADLR,AVAR,8
ADLR,AVBL,3
ADLR,AVBR,7
ADLR,AVDL,26
ADLR,AVDR,3
ADLR,AVJL,2
ADLR,AVJR,3
ADLR,AWCR,7
ADLR,CEPVR,1
ADLR,OLLR,1
ADLR,OLQVR,1
ADLR,PVCL,3
ADLR,RICL,1
ADLR,RICR,5
ADLR,RIFR,2
ADLR,RIPR,2
ADLR,SIBVL,2
ADLR,SMBVR,5
ADLR,URBR,6
ADLR,URXR,8
AFDL,AFDL,1
AFDL,AIBL,1
AFDL,AINR,3
AFDL,AIYL,25
AFDL,ASEL,1
AFDL,ASER,1
AFDL,AWBL,4
AFDR,AFDL,1
AFDR,AIYR,29
AFDR,ASEL,1
AFDR,ASER,4
AIAL,ADAL,1
AIAL,ADFL,2
AIAL,ADLL,1
AIAL,AIBL,35
AIAL,AIML,6
AIAL,AIZL,4
AIAL,ASEL,5
AIAL,ASER,10
AIAL,ASGL,1
AIAL,ASHL,1
AIAL,ASJL,4
AIAL,ASKL,9
AIAL,AWCL,1
AIAL,AWCR,6
AIAL,PVQL,1
AIAL,RIFL,10
AIAL,RIR,2
AIAL,RMGL,2
AIAR,ADAR,4
AIAR,ADLR,10
AIAR,AIAR,1
AIAR,AIBR,33
AIAR,AIZR,2
AIAR,ASER,5
AIAR,ASGR,5
AIAR,ASIR,2
AIAR,ASKR,1
AIAR,AWAR,4
AIAR,AWCL,6
AIAR,AWCR,6
AIAR,RIFR,10
AIBL,AIBL,2
AIBL,AIZR,7
AIBL,ASHL,1
AIBL,ASHR,3
AIBL,AVAL,5
AIBL,AVBL,21
AIBL,AVEL,1
AIBL,FLPL,1
AIBL,RIBR,16
AIBL,RIFL,1
AIBL,RIGR,5
AIBL,RIML,1
AIBL,RIMR,56
AIBL,RMFR,6
AIBL,SAADL,6
AIBL,SAADR,10
AIBL,SAAVL,3
AIBL,SAAVR,1
AIBL,SIADR,2
AIBL,SIAVR,2
AIBL,SIBVR,2
AIBL,SMDDR,16
AIBL,SMDVR,4
AIBR,ADLR,1
AIBR,AIAR,1
AIBR,AIYR,1
AIBR,AQR,1
AIBR,AUAL,1
AIBR,AVAR,2
AIBR,AVBR,13
AIBR,AVEL,4
AIBR,AWCR,1
AIBR,DVA,1
AIBR,RIAL,2
AIBR,RIBL,11
AIBR,RICR,1
AIBR,RIGL,1
AIBR,RIML,47
AIBR,RIMR,5
AIBR,RMFL,1
AIBR,SAADL,2
AIBR,SAADR,2
AIBR,SAAVR,1
AIBR,SIADL,1
AIBR,SIBDL,1
AIBR,SIBDR,1
AIBR,SMDDL,17
AIBR,SMDVL,7
AIBR,VB01,3
AIML,AIAL,11
AIML,ALML,1
AIML,ASGL,8
AIML,ASJL,2
AIML,ASKL,7
AIML,AVDL,1
AIML,AVFL,5
AIML,AVFR,4
AIML,AVHL,2
AIML,AVHR,1
AIML,AVJL,1
AIML,CEPDL,3
AIML,PVQL,1
AIML,RID,2
AIML,RIFL,2
AIML,RMGL,3
AIML,SMBVL,4
AIML,URXL,1
AIMR,ADFR,2
AIMR,AIAR,10
AIMR,AIMR,1
AIMR,ALA,2
AIMR,ASGR,6
AIMR,ASJR,4
AIMR,ASKR,4
AIMR,AVAR,1
AIMR,AVDR,2
AIMR,AVFL,3
AIMR,AVFR,4
AIMR,AVHR,2
AIMR,AVJR,1
AIMR,BDUR,2
AIMR,CEPVR,1
AIMR,HSNL,3
AIMR,HSNR,3
AIMR,OLQDR,1
AIMR,PVNR,1
AIMR,RIFR,3
AIMR,RMDR,1
AIMR,RMGR,4
AIMR,URXR,5
AINL,AFDR,10
AINL,AIAR,1
AINL,ASEL,1
AINL,ASGR,1
AINL,ASIL,11
AINL,AUAR,2
AINL,BAGL,5
AINL,RIBL,2
AINL,RIBR,3
AINL,RID,2
AINL,RMDVL,3
AINL,RMFL,1
AINL,SAAVL,3
AINR,AFDL,9
AINR,AFDR,3
AINR,AIAL,2
AINR,AIBL,2
AINR,AINL,1
AINR,AINR,1
AINR,ASEL,1
AINR,ASER,3
AINR,ASGL,1
AINR,AUAL,1
AINR,AUAR,2
AINR,AWCL,2
AINR,BAGR,9
AINR,CEPDL,2
AINR,RIBL,8
AINR,RID,2
AINR,URXL,2
AINR,URXR,2
AIYL,AFDL,2
AIYL,AIBL,3
AIYL,AIZL,67
AIYL,ASER,1
AIYL,AWAL,14
AIYL,AWCL,5
AIYL,AWCR,3
AIYL,HSNR,1
AIYL,RIAL,51
AIYL,RIBL,42
AIYL,RIH,1
AIYL,RIR,1
AIYR,ADFR,1
AIYR,AFDR,1
AIYR,AINL,1
AIYR,AIYL,7
AIYR,AIZR,70
AIYR,ASEL,2
AIYR,ASER,4
AIYR,ASGR,2
AIYR,AWAR,1
AIYR,AWBR,1
AIYR,BAGR,1
AIYR,RIAR,50
AIYR,RIBR,60
AIYR,RIVR,1
AIZL,ADFL,1
AIZL,AFDL,1
AIZL,AIAL,12
AIZL,AIBL,10
AIZL,AIBR,53
AIZL,ASEL,4
AIZL,AVEL,3
AIZL,AVER,26
AIZL,AVKR,4
AIZL,AWCR,2
AIZL,DVA,1
AIZL,RIAL,29
AIZL,RICR,11
AIZL,RIGL,4
AIZL,RIML,35
AIZL,SMBDL,24
AIZL,SMBVL,21
AIZL,SMDVL,3
AIZL,URYDL,3
AIZL,VB02,1
AIZR,ADFR,1
AIZR,AIAR,5
AIZR,AIBL,50
AIZR,AIBR,3
AIZR,ASER,2
AIZR,AVEL,28
AIZR,AVER,1
AIZR,AWAR,1
AIZR,AWCR,2
AIZR,DVA,3
AIZR,RIAR,25
AIZR,RIMR,34
AIZR,SIADR,1
AIZR,SMBDR,17
AIZR,SMBVR,10
AIZR,SMDDR,4
ALA,ASJR,4
ALA,AVDR,1
ALA,AVEL,8
ALA,AVER,4
ALA,CANL,30
ALA,CANR,30
ALA,PVDL,75
ALA,PVDR,75
ALA,RIAR,2
ALA,RMDR,3
ALML,AIML,1
ALML,ALML,1
ALML,AVDR,3
ALML,AVEL,3
ALML,BDUL,15
ALML,CEPDL,2
ALML,CEPVL,3
ALML,PVCL,11
ALML,PVCR,4
ALML,RICL,2
ALML,RICR,3
ALML,RIFL,2
ALML,RMDDR,1
ALML,RMGL,3
ALML,SDQL,2
ALML,SMBDR,2
ALMR,BDUR,14
ALMR,CEPDR,1
ALMR,CEPVR,3
ALMR,PVCR,10
ALMR,RMDDL,1
ALMR,SIADL,1
ALMR,SMDDL,1
ALMR,URBR,1
ALNL,RIAL,1
ALNL,RMDDR,1
ALNL,RMGL,1
ALNL,RMHL,1
ALNL,SAAVL,8
ALNL,SIADR,1
ALNL,SMBDR,7
ALNL,SMDVL,1
ALNR,ADER,1
ALNR,AVAL,6
ALNR,RIML,5
ALNR,SAAVR,6
ALNR,SMBDL,4
ALNR,SMDDR,1
ALNR,SMDVL,2
AQR,AVAL,4
AQR,AVAR,6
AQR,AVBL,7
AQR,AVBR,12
AQR,AVDL,3
AQR,AVDR,2
AQR,AVJL,3
AQR,BAGL,8
AQR,BAGR,5
AQR,DVA,6
AQR,PVCL,1
AQR,PVCR,4
AQR,PVPL,3
AQR,PVPR,1
AQR,RIAL,8
AQR,RIAR,4
AQR,RIGL,1
AQR,RIR,1
AQR,URXL,5
AS01,AS01,3
AS01,DA01,8
AS01,DB01,3
AS01,DD01,2
AS01,VD01,20
AS02,DB01,1
AS02,DD01,3
AS02,RID,2
AS02,VD02,21
AS03,DA03,1
AS03,DD01,2
AS03,VD03,23
AS04,DA03,2
AS04,DB02,2
AS04,DD01,2
AS04,DD02,4
AS04,VD04,21
AS05,AS05,3
AS05,DA04,1
AS05,DD03,1
AS05,PVDL,1
AS05,VD05,12
AS06,DA05,1
AS06,DB04,1
AS06,DD03,4
AS06,VD06,20
AS07,VD07,20
AS08,VD08,20
AS09,VD09,20
AS10,VD10,10
AS10,VD11,10
AS11,DB07,1
AS11,DD06,2
AS11,VD12,20
AS11,VD13,3
ASEL,ADFR,1
ASEL,AFDR,3
ASEL,AIAL,6
ASEL,AIBL,16
ASEL,AIBR,13
ASEL,AIYL,32
ASEL,AIYR,21
ASEL,AIZL,1
ASEL,ASER,2
ASEL,ASJL,1
ASEL,AWBL,1
ASEL,AWCL,16
ASEL,AWCR,11
ASEL,IL2R,1
ASEL,OLLR,1
ASEL,RIAR,2
ASEL,RIR,1
ASER,ADLL,4
ASER,ADLR,1
ASER,AFDL,2
ASER,AFDR,3
ASER,AIAL,8
ASER,AIAR,4
ASER,AIBL,4
ASER,AIBR,32
ASER,AIYL,9
ASER,AIYR,38
ASER,AIZL,1
ASER,ASEL,3
ASER,ASHR,2
ASER,ASKL,1
ASER,AWAR,1
ASER,AWCL,1
ASER,AWCR,1
ASGL,AIAL,46
ASGL,AIBL,17
ASGL,AINR,2
ASGL,ASKL,2
ASGR,AIAR,51
ASGR,AIBR,20
ASGR,AIYR,1
ASGR,ASER,3
ASHL,ADAL,2
ASHL,ADFL,6
ASHL,ADLL,6
ASHL,AIAL,24
ASHL,AIBL,13
ASHL,AIZL,3
ASHL,ASKL,1
ASHL,AVAL,15
ASHL,AVAR,1
ASHL,AVBL,14
ASHL,AVDL,7
ASHL,AVDR,20
ASHL,AVFL,2
ASHL,AVHR,2
ASHL,HSNL,2
ASHL,RIAL,9
ASHL,RIML,4
ASHL,RIPL,4
ASHL,RIR,4
ASHL,URXL,2
ASHR,ADAR,5
ASHR,ADFR,3
ASHR,ADLR,13
ASHR,AIAR,28
ASHR,AIBR,7
ASHR,ASHR,2
ASHR,AVAR,10
ASHR,AVBR,6
ASHR,AVDL,27
ASHR,AVDR,2
ASHR,AVER,7
ASHR,AVHL,1
ASHR,AWAR,1
ASHR,AWBL,1
ASHR,HSNL,4
ASHR,HSNR,5
ASHR,PVCL,3
ASHR,PVPR,1
ASHR,RIAR,3
ASHR,RMGR,6
ASHR,SMBVR,7
ASIL,ADFL,1
ASIL,AIAL,2
ASIL,AIBL,3
ASIL,AIYL,3
ASIL,AIYR,2
ASIL,AIZL,1
ASIL,ASER,8
ASIL,ASGL,3
ASIL,ASKL,3
ASIL,AWAR,2
ASIL,AWCL,3
ASIL,AWCR,4
ASIL,CEPVR,1
ASIL,RIAL,3
ASIL,RIBL,1
ASIL,RMFL,1
ASIL,SAAVL,2
ASIR,ADLR,1
ASIR,AIAL,1
ASIR,AIAR,4
ASIR,AIBR,3
ASIR,ASEL,2
ASIR,ASER,2
ASIR,ASGR,3
ASIR,ASHR,2
ASIR,AWAR,1
ASIR,AWCL,2
ASIR,AWCR,5
ASIR,CEPVR,1
ASJL,ALA,3
ASJL,ASKL,12
ASJL,ASKR,1
ASJL,CEPDL,1
ASJL,HSNL,1
ASJL,HSNR,1
ASJL,PVQL,34
ASJR,ASKR,12
ASJR,HSNR,1
ASJR,PVQR,19
ASKL,AIAL,29
ASKL,AIBL,9
ASKL,AIML,5
ASKL,ASER,4
ASKL,ASJL,1
ASKR,ADLR,3
ASKR,AIAL,1
ASKR,AIAR,35
ASKR,AIBR,2
ASKR,AIMR,5
ASKR,ALA,1
ASKR,ASER,1
ASKR,ASGR,1
ASKR,AWAR,2
ASKR,CEPVR,2
ASKR,HSNL,1
ASKR,RIFR,1
AUAL,ADFL,1
AUAL,AIBR,1
AUAL,AIYL,1
AUAL,AIZL,2
AUAL,AVAL,11
AUAL,AVDR,2
AUAL,AVEL,9
AUAL,BAGR,3
AUAL,DVA,2
AUAL,RIAL,21
AUAL,RIBL,35
AUAL,URXL,1
AUAR,AINL,1
AUAR,AINR,1
AUAR,AIYR,1
AUAR,AIZR,2
AUAR,AVAR,3
AUAR,AVER,13
AUAR,BAGL,1
AUAR,RIAR,22
AUAR,RIBR,31
AUAR,URXR,5
AVAL,AS02,2
AVAL,AS04,2
AVAL,AS05,6
AVAL,AS07,6
AVAL,AS08,6
AVAL,AS10,5
AVAL,AS11,8
AVAL,AVAR,12
AVAL,AVBL,2
AVAL,AVDL,3
AVAL,AVDR,2
AVAL,AVEL,1
AVAL,AVER,2
AVAL,DA01,6
AVAL,DA02,10
AVAL,DA03,12
AVAL,DA04,12
AVAL,DA05,14
AVAL,DA06,1
AVAL,DA07,4
AVAL,DA08,5
AVAL,DA09,3
AVAL,DB05,2
AVAL,DB07,2
AVAL,LUAL,6
AVAL,LUAR,2
AVAL,PVCL,21
AVAL,PVCR,16
AVAL,PVNL,1
AVAL,RIAL,3
AVAL,SABVL,2
AVAL,VA01,2
AVAL,VA02,8
AVAL,VA03,6
AVAL,VA04,7
AVAL,VA05,7
AVAL,VA06,8
AVAL,VA07,7
AVAL,VA08,7
AVAL,VA09,7
AVAL,VA10,9
AVAL,VA11,6
AVAL,VA12,5
AVAR,AS01,2
AVAR,AS02,3
AVAR,AS04,2
AVAR,AS05,1
AVAR,AS06,2
AVAR,AS07,6
AVAR,AS08,10
AVAR,AS09,10
AVAR,AS11,10
AVAR,AVAL,7
AVAR,AVBL,3
AVAR,AVBR,4
AVAR,AVDL,3
AVAR,AVDR,6
AVAR,AVEL,2
AVAR,AVER,3
AVAR,DA01,2
AVAR,DA02,9
AVAR,DA03,8
AVAR,DA04,9
AVAR,DA05,9
AVAR,DA06,4
AVAR,DA07,6
AVAR,DA08,20
AVAR,DA09,3
AVAR,DB02,2
AVAR,DB03,2
AVAR,DB05,2
AVAR,LUAL,4
AVAR,LUAR,16
AVAR,PDEL,3
AVAR,PDER,3
AVAR,PVCL,20
AVAR,PVCR,20
AVAR,RIGL,1
AVAR,SAAVR,6
AVAR,SABVR,2
AVAR,SMDVR,1
AVAR,VA02,5
AVAR,VA03,6
AVAR,VA04,6
AVAR,VA05,2
AVAR,VA06,9
AVAR,VA07,7
AVAR,VA08,7
AVAR,VA09,7
AVAR,VA10,4
AVAR,VA11,13
AVBL,AS04,1
AVBL,AS05,2
AVBL,AS10,2
AVBL,AVAL,9
AVBL,AVAR,14
AVBL,AVBR,6
AVBL,AVDR,3
AVBL,AVEL,1
AVBL,AVER,1
AVBL,AVJR,1
AVBL,AVL,1
AVBL,DA05,1
AVBL,DA07,1
AVBL,DVA,2
AVBL,PVCR,2
AVBL,PVNR,3
AVBL,PVPR,3
AVBL,SDQL,1
AVBL,VA02,3
AVBL,VA10,1
AVBL,VA11,1
AVBL,VB02,3
AVBL,VC03,3
AVBR,AIBR,1
AVBR,AS01,2
AVBR,AS03,3
AVBR,AS04,1
AVBR,AS05,2
AVBR,AS10,1
AVBR,AVAL,10
AVBR,AVAR,14
AVBR,AVBL,2
AVBR,AVDL,4
AVBR,AVER,2
AVBR,AVJL,2
AVBR,DA03,3
AVBR,DA07,1
AVBR,HSNR,1
AVBR,VA04,2
AVBR,VA07,1
AVBR,VD03,2
AVDL,AS04,2
AVDL,AS10,1
AVDL,AS11,4
AVDL,AVAL,37
AVDL,AVAR,37
AVDL,AVDR,5
AVDL,AVEL,5
AVDL,AVJL,1
AVDL,DA01,4
AVDL,DA02,2
AVDL,DA03,9
AVDL,DA04,3
AVDL,DA05,1
AVDL,DA08,2
AVDL,DVC,2
AVDL,LUAL,2
AVDL,PVCL,1
AVDL,SABD,5
AVDL,SABVL,2
AVDL,SABVR,5
AVDL,VA01,2
AVDL,VA03,3
AVDL,VA05,1
AVDL,VA10,2
AVDL,VA12,1
AVDR,ALA,1
AVDR,AS10,2
AVDR,AS11,3
AVDR,AVAL,41
AVDR,AVAR,52
AVDR,AVBL,1
AVDR,AVDL,3
AVDR,AVER,2
AVDR,AVJR,1
AVDR,DA01,5
AVDR,DA02,5
AVDR,DA03,3
AVDR,DA04,2
AVDR,DA05,3
AVDR,DA06,1
AVDR,DA08,1
AVDR,DA09,1
AVDR,DB01,1
AVDR,DB04,1
AVDR,DVC,4
AVDR,LUAL,3
AVDR,PQR,3
AVDR,PVCR,2
AVDR,SABD,1
AVDR,SABVL,5
AVDR,SABVR,1
AVDR,VA02,1
AVDR,VA03,2
AVDR,VA05,3
AVDR,VA11,1
AVEL,ALML,1
AVEL,AS01,3
AVEL,AS03,2
AVEL,AVAL,17
AVEL,AVAR,3
AVEL,AVDL,5
AVEL,DA01,11
AVEL,DA02,5
AVEL,DA03,6
AVEL,DA04,1
AVEL,DB03,1
AVEL,DB04,1
AVEL,PVCL,1
AVEL,PVCR,2
AVEL,PVT,1
AVEL,RMGL,2
AVEL,SABD,18
AVEL,SABVL,16
AVEL,SABVR,12
AVEL,VA01,12
AVEL,VA03,1
AVEL,VA04,1
AVEL,VD02,1
AVEL,VD03,1
AVER,AIZR,1
AVER,AS01,6
AVER,AS02,4
AVER,AS03,1
AVER,AVAL,14
AVER,AVAR,33
AVER,AVDL,4
AVER,AVDR,4
AVER,AVEL,3
AVER,CEPDL,1
AVER,DA01,11
AVER,DA02,7
AVER,DA03,3
AVER,DB03,1
AVER,OLLL,1
AVER,RIMR,1
AVER,RMGR,1
AVER,SABD,1
AVER,SABVL,12
AVER,SABVR,11
AVER,URXR,1
AVER,VA01,5
AVER,VA02,4
AVER,VA03,1
AVER,VA04,2
AVFL,AIML,1
AVFL,AS10,1
AVFL,AVBL,4
AVFL,AVBR,1
AVFL,AVFR,12
AVFL,AVG,5
AVFL,AVHL,4
AVFL,AVHR,1
AVFL,AVJL,2
AVFL,AVL,5
AVFL,DVB,1
AVFL,HSNL,2
AVFL,HSNR,3
AVFL,PDER,1
AVFL,PVNL,1
AVFL,PVQL,1
AVFL,PVQR,1
AVFL,RIFL,1
AVFL,RIFR,1
AVFL,SMBVL,1
AVFL,VB01,2
AVFL,VB02,2
AVFL,VC01,1
AVFR,AIAL,1
AVFR,AIML,1
AVFR,ASHR,1
AVFR,AVAL,1
AVFR,AVBL,6
AVFR,AVBR,6
AVFR,AVFL,7
AVFR,AVG,1
AVFR,AVHL,3
AVFR,AVHR,3
AVFR,AVJL,5
AVFR,AVJR,1
AVFR,HSNL,4
AVFR,HSNR,3
AVFR,PVCR,1
AVFR,PVDL,1
AVFR,PVPR,1
AVFR,PVQL,2
AVFR,RMDDL,1
AVFR,RMGL,1
AVFR,VA02,1
AVFR,VD11,1
AVG,AVAL,3
AVG,AVAR,3
AVG,AVBL,5
AVG,AVBR,3
AVG,AVDL,1
AVG,AVDR,3
AVG,AVEL,2
AVG,AVER,1
AVG,AVFL,3
AVG,AVG,2
AVG,AVJL,7
AVG,AVJR,3
AVG,DA08,1
AVG,DVC,2
AVG,PHAL,3
AVG,PVCL,1
AVG,PVCR,2
AVG,PVNL,2
AVG,PVNR,4
AVG,PVQR,2
AVG,PVT,2
AVG,VA06,1
AVG,VC01,2
AVHL,ADFR,5
AVHL,ASHR,1
AVHL,AVAR,1
AVHL,AVBL,2
AVHL,AVBR,1
AVHL,AVDL,1
AVHL,AVFL,1
AVHL,AVFR,5
AVHL,AVHR,1
AVHL,AVJL,4
AVHL,AVJR,1
AVHL,AWBR,3
AVHL,BDUR,1
AVHL,DD01,1
AVHL,PVPL,1
AVHL,PVPR,2
AVHL,PVQR,3
AVHL,RIFR,1
AVHL,RIMR,1
AVHL,RIR,2
AVHL,SABD,1
AVHL,SMBDR,4
AVHL,SMBVR,4
AVHL,VD01,1
AVHR,ADLR,3
AVHR,AQR,1
AVHR,ASKR,1
AVHR,AVAL,1
AVHR,AVBL,3
AVHR,AVBR,1
AVHR,AVDR,1
AVHR,AVFL,2
AVHR,AVFR,2
AVHR,AVG,1
AVHR,AVHL,1
AVHR,AVJR,5
AVHR,AWBL,1
AVHR,DVA,1
AVHR,PVPL,9
AVHR,RIGL,1
AVHR,RIR,8
AVHR,SMBDL,3
AVHR,SMBVL,1
AVJL,AINL,1
AVJL,ASHR,1
AVJL,AVAR,1
AVJL,AVBL,5
AVJL,AVBR,6
AVJL,AVDL,1
AVJL,AVEL,1
AVJL,AVHL,3
AVJL,AVJR,1
AVJL,PVCL,5
AVJL,PVCR,1
AVJL,PVNR,4
AVJL,RIFR,1
AVJL,RIS,1
AVJL,SABD,1
AVJR,ALML,3
AVJR,AVAL,4
AVJR,AVAR,5
AVJR,AVBL,10
AVJR,AVBR,2
AVJR,AVDL,1
AVJR,AVDR,7
AVJR,AVER,3
AVJR,AVFR,1
AVJR,AVJL,1
AVJR,AVM,1
AVJR,FLPR,2
AVJR,PVCL,5
AVJR,PVCR,7
AVJR,PVQR,1
AVJR,RID,2
AVJR,SABVL,3
AVKL,AVBL,2
AVKL,AVEL,4
AVKL,AVER,2
AVKL,AVM,2
AVKL,DVA,1
AVKL,PDEL,2
AVKL,PDER,1
AVKL,RIML,3
AVKL,RIMR,2
AVKL,RIVL,5
AVKL,RMDL,1
AVKL,RMFL,2
AVKL,SAADL,1
AVKL,SAADR,3
AVKL,SIAVR,2
AVKL,SIBDR,2
AVKL,VB01,3
AVKR,AVKL,3
AVKR,BDUL,3
AVKR,PVM,2
AVKR,PVPL,1
AVKR,PVQL,1
AVKR,RIGL,1
AVKR,RIML,5
AVKR,RIMR,3
AVKR,RMDL,1
AVKR,RMDR,2
AVKR,RMFL,2
AVKR,RMGL,2
AVKR,RMHR,1
AVKR,SAADL,2
AVKR,SIADL,3
AVKR,SMBDL,3
AVKR,SMDDR,3
AVKR,SMDVR,1
AVL,AVEL,3
AVL,AVKR,2
AVL,DD01,4
AVL,DD06,1
AVL,DVB,1
AVL,DVC,2
AVL,HSNR,2
AVL,PVPR,2
AVL,PVWL,1
AVL,RIMR,2
AVL,RIS,1
AVL,SABD,9
AVL,SABVL,9
AVL,SABVR,6
AVL,VC01,2
AVL,VC02,2
AVL,VC06,1
AVL,VD12,3
AVM,ADER,4
AVM,AVBL,13
AVM,AVBR,9
AVM,AVDL,1
AVM,AVDR,1
AVM,AVHL,3
AVM,AVJR,1
AVM,AVKL,1
AVM,BDUL,3
AVM,BDUR,5
AVM,DA01,2
AVM,PVCL,10
AVM,PVCR,17
AVM,PVNL,4
AVM,PVNR,3
AVM,PVR,6
AVM,RID,2
AVM,SIBVL,4
AVM,VA02,1
AVM,VB03,1
AWAL,ADAL,2
AWAL,AFDL,7
AWAL,AIYL,3
AWAL,AIZL,23
AWAL,ASEL,7
AWAL,ASGL,1
AWAL,ASHL,2
AWAL,AWBL,9
AWAR,ADFR,9
AWAR,AFDR,23
AWAR,AIAR,3
AWAR,AIYR,8
AWAR,AIZR,25
AWAR,ASER,5
AWAR,ASGR,1
AWAR,ASIL,2
AWAR,AUAR,1
AWAR,AWBR,3
AWAR,RIFR,5
AWAR,RIGR,6
AWAR,RIR,2
AWBL,ADFL,25
AWBL,AIAL,4
AWBL,AIBR,1
AWBL,AIYL,1
AWBL,AIZL,15
AWBL,ASEL,1
AWBL,ASHL,2
AWBL,AVBL,2
AWBL,AVHR,2
AWBL,AWAL,2
AWBL,AWCL,1
AWBL,HSNL,1
AWBL,RIAL,10
AWBL,RIGL,2
AWBL,SMBDL,2
AWBL,SMBVL,3
AWBR,ADFR,7
AWBR,AIMR,1
AWBR,AIYR,1
AWBR,AIZR,8
AWBR,ASER,1
AWBR,ASGR,1
AWBR,ASHR,2
AWBR,AVBR,2
AWBR,HSNL,2
AWBR,HSNR,2
AWBR,OLQVR,1
AWBR,RIAR,3
AWBR,RIFR,1
AWBR,RIR,7
AWBR,URYVR,1
AWCL,AFDL,2
AWCL,AIAL,2
AWCL,AIAR,4
AWCL,AIBL,12
AWCL,AIBR,2
AWCL,AIYL,22
AWCL,AIZL,1
AWCL,ASER,1
AWCL,ASGR,1
AWCL,ASIL,1
AWCL,AVAL,1
AWCL,AWCR,11
AWCL,RIAL,6
AWCL,SMDVL,1
AWCR,ADFR,1
AWCR,AIAL,1
AWCR,AIAR,8
AWCR,AIBL,3
AWCR,AIBR,18
AWCR,AIYL,12
AWCR,AIYR,22
AWCR,ASEL,8
AWCR,ASER,5
AWCR,ASGR,3
AWCR,ASHR,1
AWCR,ASIL,2
AWCR,ASIR,2
AWCR,AWCL,17
AWCR,IL2L,2
AWCR,RIAL,3
AWCR,RIVL,3
BAGL,ADFR,1
BAGL,AIBL,2
BAGL,AINL,1
BAGL,AIZR,2
BAGL,AUAR,2
BAGL,AVAR,3
BAGL,AVEL,2
BAGL,AVER,7
BAGL,BAGR,1
BAGL,CEPVR,2
BAGL,RIAR,18
BAGL,RIBR,19
BAGL,RID,3
BAGL,RIGL,3
BAGL,RIGR,7
BAGL,RIPR,1
BAGL,RIVR,2
BAGL,URAVR,1
BAGL,URXR,1
BAGR,AIYL,3
BAGR,AQR,3
BAGR,AVAL,4
BAGR,AVEL,8
BAGR,BAGL,3
BAGR,OLQVL,2
BAGR,RIAL,18
BAGR,RIBL,22
BAGR,RIBR,1
BAGR,RIGL,10
BAGR,SMDVL,1
BDUL,ADAL,2
BDUL,ADEL,6
BDUL,ALML,1
BDUL,AVHL,2
BDUL,AVJR,2
BDUL,HSNL,3
BDUL,PVNL,2
BDUL,PVNR,4
BDUL,RIFL,2
BDUL,RMGL,3
BDUL,SAADL,3
BDUL,URADL,3
BDUR,ADER,4
BDUR,ALMR,4
BDUR,AVAL,7
BDUR,AVBR,1
BDUR,AVHL,2
BDUR,AVJL,5
BDUR,CEPVR,1
BDUR,HSNR,8
BDUR,PVCL,3
BDUR,PVNL,11
BDUR,PVNR,5
BDUR,SDQL,2
BDUR,URADR,3
CEPDL,AFDL,2
CEPDL,AINL,2
CEPDL,ALML,2
CEPDL,AVER,13
CEPDL,CEPDR,1
CEPDL,IL1DL,18
CEPDL,IL2DL,1
CEPDL,OLLL,8
CEPDL,OLQDL,27
CEPDL,RIBL,3
CEPDL,RICL,11
CEPDL,RICR,8
CEPDL,RIH,1
CEPDL,RIPL,8
CEPDL,RIS,3
CEPDL,RMDDL,2
CEPDL,RMDVL,13
CEPDL,RMGL,6
CEPDL,RMHL,1
CEPDL,RMHR,8
CEPDL,SIADR,4
CEPDL,SIBDR,2
CEPDL,SMBDR,5
CEPDL,URADL,8
CEPDL,URBL,11
CEPDL,URYDL,7
CEPDR,AVEL,9
CEPDR,BDUR,5
CEPDR,CEPDR,6
CEPDR,IL1DR,15
CEPDR,IL1R,1
CEPDR,OLLR,13
CEPDR,OLQDR,20
CEPDR,RIBR,3
CEPDR,RICL,13
CEPDR,RICR,19
CEPDR,RIFR,2
CEPDR,RIH,4
CEPDR,RMDR,1
CEPDR,RMDVR,3
CEPDR,RMGR,1
CEPDR,RMHL,7
CEPDR,RMHR,1
CEPDR,SIBVR,1
CEPDR,SMBDL,1
CEPDR,URADR,3
CEPDR,URBR,14
CEPDR,URXR,2
CEPDR,URYDR,3
CEPVL,AVER,5
CEPVL,IL1VL,9
CEPVL,OLLL,4
CEPVL,OLQVL,19
CEPVL,PVR,3
CEPVL,RIAL,1
CEPVL,RIBL,3
CEPVL,RICL,20
CEPVL,RICR,17
CEPVL,RIPL,4
CEPVL,RMDDL,7
CEPVL,RMDVR,8
CEPVL,RMGL,2
CEPVL,RMHL,10
CEPVL,RMHR,5
CEPVL,SIAVL,6
CEPVL,SMBVL,1
CEPVL,SMDVR,1
CEPVL,URAVL,6
CEPVL,URXL,2
CEPVL,URYVL,5
CEPVR,ADLR,3
CEPVR,ASGR,2
CEPVR,AVEL,13
CEPVR,CEPDR,1
CEPVR,IL1VR,8
CEPVR,IL2VR,3
CEPVR,OLLR,14
CEPVR,OLQVR,11
CEPVR,RIAL,1
CEPVR,RIAR,1
CEPVR,RICL,13
CEPVR,RICR,12
CEPVR,RIPR,3
CEPVR,RIVL,2
CEPVR,RMDDR,4
CEPVR,RMHR,15
CEPVR,SIAVR,7
CEPVR,SMBVR,2
CEPVR,SMDDR,2
CEPVR,URAVR,3
CEPVR,URYVR,2
DA01,AS01,13
DA01,DB01,1
DA01,DD01,12
DA01,FLPR,2
DA01,VD01,13
DA01,VD02,4
DA02,AS02,1
DA02,DA03,1
DA02,DB01,1
DA02,DD01,7
DA02,VD02,17
DA02,VD03,11
DA03,AS04,2
DA03,DA04,2
DA03,DB03,2
DA03,DD02,3
DA03,VD03,43
DA03,VD04,13
DA04,DB02,2
DA04,DD02,4
DA04,VD04,11
DA04,VD05,21
DA05,DA04,1
DA05,DB04,1
DA05,DD03,12
DA05,VD05,1
DA05,VD06,22
DA06,DA05,1
DA06,DB05,1
DA06,DD03,7
DA06,VD04,3
DA06,VD05,3
DA06,VD06,13
DA06,VD07,13
DA07,DA06,1
DA07,DB06,1
DA07,DD04,3
DA07,VD07,10
DA07,VD08,12
DA07,VD09,10
DA08,DA07,1
DA08,DB07,1
DA08,DD04,4
DA08,DD05,4
DA08,VD08,5
DA08,VD09,5
DA08,VD10,7
DA08,VD11,5
DA08,VD12,5
DA08,VD13,5
DA09,AS11,1
DA09,DA08,1
DA09,DB07,2
DA09,DD06,4
DA09,DVA,1
DA09,VA11,1
DA09,VA12,1
DA09,VD09,5
DA09,VD10,5
DA09,VD11,11
DA09,VD12,11
DA09,VD13,4
DB01,AS01,28
DB01,AS02,4
DB01,DA01,16
DB01,DA02,2
DB01,DD01,31
DB01,FLPR,1
DB01,RID,1
DB01,VD01,18
DB01,VD02,24
DB01,VD03,2
DB02,AS03,3
DB02,AS04,2
DB02,DA02,3
DB02,DA03,12
DB02,DA04,1
DB02,DD01,3
DB02,DD02,16
DB02,VD03,33
DB02,VD04,15
DB03,AS04,2
DB03,AS05,1
DB03,DA04,4
DB03,DA05,1
DB03,DD02,3
DB03,DD03,14
DB03,DD05,14
DB03,VD04,9
DB03,VD05,24
DB03,VD06,4
DB04,AS06,2
DB04,DA05,3
DB04,DD03,9
DB04,DD04,2
DB04,DD05,9
DB04,DD06,2
DB04,VD06,14
DB05,AS07,3
DB05,AS08,2
DB05,DA06,3
DB05,DA07,12
DB05,DA08,1
DB05,VD04,3
DB05,VD05,3
DB05,VD06,13
DB05,VD07,13
DB06,AS08,2
DB06,AS09,1
DB06,DA08,4
DB06,DA09,1
DB06,VD07,10
DB06,VD08,12
DB06,VD09,10
DB07,AS10,2
DB07,AS11,2
DB07,DA09,3
DB07,DD06,1
DB07,VD08,5
DB07,VD09,5
DB07,VD10,7
DB07,VD11,5
DB07,VD12,5
DB07,VD13,1
DD01,DA02,3
DD01,VD02,1
DD02,DA03,2
DD02,VD03,1
DD02,VD04,1
DD03,DA05,1
DD06,DB07,1
DD06,VD13,3
DVA,AIZL,5
DVA,AIZR,3
DVA,AQR,6
DVA,AUAL,4
DVA,AUAR,8
DVA,AVAL,6
DVA,AVAR,2
DVA,AVBL,1
DVA,AVBR,1
DVA,AVDR,2
DVA,AVEL,19
DVA,AVER,17
DVA,DA02,1
DVA,DB02,2
DVA,DB03,3
DVA,DB04,1
DVA,DB07,1
DVA,PDEL,2
DVA,PVCL,4
DVA,PVCR,1
DVA,PVPR,3
DVA,PVR,2
DVA,RIAL,3
DVA,RIAR,4
DVA,RIMR,5
DVA,RIR,4
DVA,SAADR,5
DVA,SAAVL,3
DVA,SAAVR,1
DVA,SABD,2
DVA,SMBDL,6
DVA,SMBDR,6
DVA,SMBVL,5
DVA,SMBVR,6
DVA,SMDVL,1
DVA,URXL,1
DVA,URYDL,3
DVA,VA02,2
DVA,VA06,1
DVA,VA08,1
DVA,VA12,1
DVA,VB01,1
DVA,VB07,1
DVA,VB11,2
DVB,AVL,21
DVB,DA08,10
DVB,DD06,10
DVB,DVC,5
DVB,PDA,2
DVB,PHCL,2
DVB,PVPL,10
DVB,VD13,1
DVC,AIBL,3
DVC,AIBR,3
DVC,AVAL,14
DVC,AVAR,16
DVC,AVBL,1
DVC,AVKL,2
DVC,PVDR,1
DVC,PVT,1
DVC,RIBL,2
DVC,RIBR,6
DVC,RIGL,16
DVC,RIGR,13
DVC,RIVR,2
DVC,RMFL,14
DVC,RMFR,9
DVC,URAVL,1
DVC,VD09,2
FLPL,ADEL,22
FLPL,ADER,3
FLPL,AIBL,3
FLPL,AIBR,3
FLPL,AVAL,33
FLPL,AVAR,48
FLPL,AVBL,22
FLPL,AVBR,22
FLPL,AVDL,30
FLPL,AVDR,34
FLPL,DD01,6
FLPL,DVA,1
FLPL,FLPR,2
FLPL,PVCR,6
FLPL,RIS,1
FLPL,VA01,5
FLPR,ADAL,1
FLPR,ADAR,1
FLPR,ADER,6
FLPR,AVAL,23
FLPR,AVAR,10
FLPR,AVBL,30
FLPR,AVBR,11
FLPR,AVDL,25
FLPR,AVDR,8
FLPR,AVEL,21
FLPR,AVER,7
FLPR,AVJL,2
FLPR,AVJR,2
FLPR,DVA,6
FLPR,FLPL,14
FLPR,PVCL,2
FLPR,VB01,1
HSNL,ADLL,1
HSNL,ADLR,1
HSNL,AIAL,8
HSNL,AIMR,2
HSNL,AIZL,6
HSNL,AIZR,3
HSNL,ASHL,3
HSNL,ASHR,1
HSNL,ASJR,2
HSNL,ASKL,3
HSNL,ASKR,2
HSNL,AVFL,11
HSNL,AVFR,4
HSNL,AVJL,3
HSNL,AWAR,3
HSNL,AWBL,5
HSNL,AWBR,3
HSNL,HSNL,1
HSNL,HSNR,5
HSNL,PVQL,1
HSNL,RIFL,9
HSNL,RIML,4
HSNL,RIR,3
HSNL,RMGR,1
HSNL,VC05,9
HSNR,AIAL,3
HSNR,AIBL,2
HSNR,AIZL,3
HSNR,AIZR,1
HSNR,AS05,2
HSNR,ASHL,4
HSNR,AVDR,1
HSNR,AVEL,1
HSNR,AVER,1
HSNR,AVFL,4
HSNR,AVFR,2
HSNR,AVHL,2
HSNR,AVHR,2
HSNR,AVJL,3
HSNR,AWBL,2
HSNR,BDUR,2
HSNR,DA05,2
HSNR,DA06,1
HSNR,DB05,1
HSNR,HSNL,1
HSNR,PVNR,2
HSNR,PVPR,1
HSNR,PVQR,1
HSNR,PVT,1
HSNR,RIFR,6
HSNR,RIML,1
HSNR,RIMR,1
HSNR,RMDDR,1
HSNR,RMGR,1
HSNR,SABD,1
HSNR,SABVR,1
HSNR,VA06,2
HSNR,VC02,6
HSNR,VC03,1
HSNR,VC04,1
HSNR,VC05,2
I1L,I2L,10
I1L,I3,3
I1L,I5,2
I1L,I6,1
I1L,M2L,3
I1L,M3L,8
I1L,M3R,2
I1L,MCL,2
I1L,MCR,2
I1L,MI,2
I1L,NSML,3
I1R,I2R,6
I1R,I3,1
I1R,I5,2
I1R,M1,1
I1R,M2L,1
I1R,M2R,3
I1R,M3L,1
I1R,M3R,6
I1R,MCL,3
I1R,MCR,4
I1R,MI,1
I1R,NSML,1
I1R,NSMR,2
I2L,I1L,2
I2L,I2R,3
I2L,I4,13
I2L,I5,2
I2L,I6,2
I2L,M1,1
I2L,M3R,3
I2L,M4,4
I2L,NSML,14
I2L,NSMR,24
I2R,I1R,1
I2R,I2L,3
I2R,I4,20
I2R,I5,2
I2R,I6,3
I2R,M1,3
I2R,M2R,2
I2R,M3R,2
I2R,M4,3
I2R,MCL,1
I2R,NSML,34
I2R,NSMR,7
I3,I1L,1
I3,I1R,1
I3,I5,2
I3,I6,1
I3,M1,2
I3,M2L,2
I3,M3L,2
I3,M3R,2
I3,M4,2
I3,MCL,1
I3,MCR,2
I3,MI,1
I3,NSMR,2
I4,I2R,7
I4,I5,2
I4,M2L,5
I4,M3L,6
I4,M3R,22
I4,MI,1
I4,NSML,8
I4,NSMR,15
I5,I1L,2
I5,I2L,3
I5,I2R,1
I5,I3,1
I5,I4,7
I5,M1,3
I5,M2L,4
I5,M3L,4
I5,M3R,2
I5,M4,19
I5,M5,2
I5,MI,4
I5,NSML,1
I5,NSMR,5
I6,I1R,1
I6,I2L,1
I6,I2R,4
I6,I3,12
I6,M3L,10
I6,M4,15
I6,NSML,24
I6,NSMR,23
IL1DL,IL2DL,1
IL1DL,RIPL,11
IL1DL,RMDDR,3
IL1DL,RMDVL,3
IL1DL,RMEL,1
IL1DL,URADL,10
IL1DR,IL1DR,1
IL1DR,IL1R,2
IL1DR,IL2DR,5
IL1DR,OLLR,1
IL1DR,PVR,5
IL1DR,RIPR,28
IL1DR,RMDDL,11
IL1DR,RMDVR,32
IL1DR,URADR,8
IL1DR,URYDR,2
IL1L,ADEL,3
IL1L,AVER,5
IL1L,IL2L,1
IL1L,OLLL,1
IL1L,RMDDL,20
IL1L,RMDR,9
IL1L,RMDVL,22
IL1L,RMDVR,5
IL1L,RMER,4
IL1L,RMGL,1
IL1L,URAVL,4
IL1L,URBL,1
IL1R,AVEL,2
IL1R,AVER,5
IL1R,OLLR,1
IL1R,RMDDL,8
IL1R,RMDDR,12
IL1R,RMDL,11
IL1R,RMDR,4
IL1R,RMDVL,8
IL1R,RMDVR,17
IL1R,RMEL,5
IL1R,RMHL,3
IL1R,URXR,1
IL1VL,AVL,1
IL1VL,IL1L,3
IL1VL,IL1VL,5
IL1VL,OLQVL,2
IL1VL,RIPL,13
IL1VL,RMDDL,30
IL1VL,RMDVR,3
IL1VL,RMHL,1
IL1VL,URAVL,4
IL1VL,URYVL,4
IL1VR,IL1R,4
IL1VR,IL2VR,2
IL1VR,OLLR,1
IL1VR,OLQVR,5
IL1VR,RIPR,16
IL1VR,RMDDR,40
IL1VR,RMDVL,5
IL1VR,URAVR,4
IL2DL,AUAL,2
IL2DL,AVBR,2
IL2DL,IL1DL,17
IL2DL,IL2DL,2
IL2DL,OLQDL,2
IL2DL,RIBL,1
IL2DL,RIH,2
IL2DL,RIPL,28
IL2DL,RMED,2
IL2DL,RMEL,11
IL2DL,RMER,8
IL2DL,RMEV,1
IL2DL,RMHL,1
IL2DL,URADL,8
IL2DR,CEPDR,2
IL2DR,IL1DR,28
IL2DR,OLQDR,2
IL2DR,RICL,1
IL2DR,RICR,2
IL2DR,RIPL,1
IL2DR,RIPR,43
IL2DR,RMED,3
IL2DR,RMEL,12
IL2DR,RMER,11
IL2DR,RMEV,5
IL2DR,URADR,5
IL2L,ADEL,6
IL2L,AVEL,2
IL2L,IL1L,6
IL2L,OLQDL,20
IL2L,OLQVL,19
IL2L,RICL,1
IL2L,RIH,25
IL2L,RMDR,3
IL2L,RMER,10
IL2L,RMEV,5
IL2L,URAVL,2
IL2L,URXL,3
IL2R,ADER,5
IL2R,AVER,2
IL2R,IL1R,2
IL2R,OLLR,5
IL2R,OLQDR,10
IL2R,OLQVR,26
IL2R,RIH,19
IL2R,RMDL,3
IL2R,RMEL,5
IL2R,RMEV,2
IL2R,RMGR,1
IL2R,URADR,2
IL2R,URAVR,1
IL2R,URBR,3
IL2R,URXR,1
IL2VL,BAGR,1
IL2VL,DVC,1
IL2VL,IL1VL,27
IL2VL,IL2L,1
IL2VL,OLQVL,6
IL2VL,RIAL,4
IL2VL,RIH,5
IL2VL,RIPL,36
IL2VL,RMEL,7
IL2VL,RMER,6
IL2VL,RMEV,2
IL2VL,URAVL,7
IL2VR,ADLR,1
IL2VR,AVAL,1
IL2VR,IL1VR,29
IL2VR,OLQVR,9
IL2VR,RIAR,2
IL2VR,RIH,5
IL2VR,RIPR,43
IL2VR,RMED,2
IL2VR,RMEL,8
IL2VR,RMER,17
IL2VR,RMEV,15
IL2VR,SIADR,1
IL2VR,URAVR,16
IL2VR,URXR,1
LUAL,AVAL,27
LUAL,AVAR,23
LUAL,AVDL,27
LUAL,AVDR,6
LUAL,AVJL,4
LUAL,AVJR,1
LUAL,PHBL,2
LUAL,PVNL,1
LUAL,PVWL,1
LUAR,AVAL,13
LUAR,AVAR,31
LUAR,AVDL,5
LUAR,AVDR,14
LUAR,AVJR,4
LUAR,PDB,2
LUAR,PQR,7
LUAR,PVCR,9
LUAR,PVNL,1
LUAR,PVR,2
LUAR,PVWL,3
LUAR,PVWR,2
M1,I1R,1
M1,I2L,3
M1,I2R,2
M1,I3,8
M1,I4,1
M1,I5,2
M1,M4,1
M1,M5,1
M1,MI,6
M1,NSML,2
M1,RIPL,1
M2L,I3,2
M2L,I4,8
M2L,I5,2
M2L,M3L,3
M2L,M3R,1
M2R,I4,1
M2R,I5,3
M2R,M3L,2
M2R,M3R,1
M2R,NSMR,1
M3L,NSML,1
M3R,M4,2
M4,I4,5
M4,I5,1
M4,M2L,1
M4,M3L,1
M4,M4,15
M4,MCL,1
M5,I5,1
M5,M1,1
MI,I1L,1
MI,I3,2
MI,I4,1
MI,M1,7
MI,M2L,3
MI,M2R,2
MI,M3L,2
MI,M3R,2
MI,MCL,3
MI,NSML,1
MI,NSMR,2
NSML,I4,1
NSML,I6,1
NSML,M3L,21
NSML,M3R,1
NSML,M4,13
NSML,NSMR,7
NSMR,I2L,1
NSMR,I2R,1
NSMR,I4,3
NSMR,I6,4
NSMR,M3R,24
OLLL,ADEL,5
OLLL,AVER,53
OLLL,CEPDL,5
OLLL,CEPVL,14
OLLL,IL1VL,3
OLLL,OLLL,4
OLLL,RIBL,24
OLLL,RMDDL,22
OLLL,RMDL,6
OLLL,RMDVL,3
OLLL,RMEL,5
OLLL,SMDDL,8
OLLL,SMDDR,9
OLLL,SMDVR,10
OLLL,URYDL,2
OLLL,URYVL,1
OLLR,ADER,2
OLLR,AVEL,39
OLLR,CEPDR,4
OLLR,CEPVR,16
OLLR,IL1DR,1
OLLR,IL1VR,2
OLLR,IL2R,1
OLLR,OLLR,4
OLLR,OLQDR,1
OLLR,RIBR,21
OLLR,RIS,2
OLLR,RMDDR,26
OLLR,RMDL,9
OLLR,RMDR,2
OLLR,RMDVR,6
OLLR,RMED,1
OLLR,RMER,3
OLLR,SMDDL,3
OLLR,SMDDR,1
OLLR,SMDVL,11
OLLR,SMDVR,4
OLQDL,CEPDL,3
OLQDL,RICR,6
OLQDL,RIH,3
OLQDL,RMDDL,1
OLQDL,RMDDR,10
OLQDL,RMED,1
OLQDL,RMEL,2
OLQDL,RMHL,1
OLQDL,SIBVL,10
OLQDL,URYDL,3
OLQDR,IL1DR,1
OLQDR,RICL,2
OLQDR,RICR,2
OLQDR,RIH,2
OLQDR,RMDDL,11
OLQDR,RMER,1
OLQDR,RMHR,3
OLQDR,SIBVR,6
OLQVL,AVAL,1
OLQVL,AVDR,1
OLQVL,IL2L,1
OLQVL,RICL,4
OLQVL,RMDVR,14
OLQVL,RMHL,2
OLQVL,SIAVL,9
OLQVL,SIBDL,13
OLQVR,IL1VR,2
OLQVR,RICR,3
OLQVR,RIH,18
OLQVR,RIPR,18
OLQVR,RMDVL,18
OLQVR,RMER,2
OLQVR,RMHR,1
OLQVR,SIBDR,18
PDA,DA09,1
PDA,DD06,3
PDA,PVNR,1
PDA,VD11,10
PDA,VD12,12
PDA,VD13,3
PDB,DD06,2
PDB,VD12,10
PDB,VD13,2
PDEL,AVKL,5
PDEL,DVA,7
PDEL,PDER,4
PDEL,PVM,3
PDEL,PVR,2
PDER,AVKL,16
PDER,DVA,1
PDER,PVCL,1
PDER,PVCR,1
PDER,PVM,1
PDER,VB02,1
PHAL,AVDR,2
PHAL,AVFL,4
PHAL,AVG,11
PHAL,AVHL,4
PHAL,AVHR,1
PHAL,DA08,3
PHAL,DVA,2
PHAL,PHAR,13
PHAL,PHBL,7
PHAL,PHBR,10
PHAL,PVQL,3
PHAR,AVDR,2
PHAR,AVG,9
PHAR,AVHR,1
PHAR,DA08,2
PHAR,DVA,6
PHAR,PHAL,11
PHAR,PHBL,3
PHAR,PHBR,8
PHAR,PVPL,3
PHAR,PVQL,4
PHAR,PVQR,1
PHAR,PVT,2
PHBL,AS11,1
PHBL,AVAL,48
PHBL,AVAR,33
PHBL,AVDL,6
PHBL,AVDR,1
PHBL,AVG,1
PHBL,DA08,1
PHBL,PHBR,4
PHBL,PVCL,71
PHBL,PVNL,1
PHBL,VA12,5
PHBR,AVAL,35
PHBR,AVAR,38
PHBR,AVDL,7
PHBR,AVDR,5
PHBR,PHBL,3
PHBR,PHCL,1
PHBR,PHCR,3
PHBR,PVCL,39
PHBR,PVCR,21
PHBR,VA12,1
PHCL,AVAL,5
PHCL,AVHR,1
PHCL,DA09,1
PHCL,DVA,12
PHCL,LUAL,2
PHCL,PHAR,1
PHCL,PHCR,2
PHCL,PVCL,7
PHCL,PVQR,2
PHCL,VA12,6
PHCR,AVHR,2
PHCR,DA09,23
PHCR,DVA,22
PHCR,LUAR,6
PHCR,PHAR,2
PHCR,PHCL,4
PHCR,PVCR,25
PHCR,PVQR,4
PHCR,VA12,8
PLML,AVAL,4
PLML,AVAR,5
PLML,AVDR,5
PLML,DVA,9
PLML,PDEL,16
PLML,PDER,19
PLML,VA09,6
PLMR,AVAL,3
PLMR,AVAR,5
PLMR,AVDL,8
PLMR,AVDR,5
PLMR,DVA,19
PLMR,PDEL,18
PLMR,PDER,10
PLNL,SAADL,5
PLNL,SIAVL,10
PLNL,SMBVL,10
PLNR,RMDVL,1
PLNR,SAADR,8
PLNR,SAAVL,1
PLNR,SIAVR,10
PLNR,SMBVR,10
PLNR,SMDVL,2
PQR,AS11,2
PQR,AVAL,23
PQR,AVAR,26
PQR,AVDL,15
PQR,AVDR,20
PQR,AVG,1
PQR,AVHL,1
PQR,AVJR,1
PQR,DA08,1
PQR,DB07,2
PQR,LUAR,3
PQR,PHBL,2
PQR,PVCL,1
PQR,PVCR,1
PQR,PVNL,2
PQR,PVPR,1
PVCL,ADLR,2
PVCL,AS01,1
PVCL,AS02,1
PVCL,ASHR,2
PVCL,AVAL,5
PVCL,AVAR,7
PVCL,AVBL,7
PVCL,AVBR,27
PVCL,AVDL,7
PVCL,AVDR,11
PVCL,AVEL,2
PVCL,AVER,7
PVCL,AVG,2
PVCL,AVJL,3
PVCL,AVJR,2
PVCL,DA05,1
PVCL,DA08,2
PVCL,DB02,4
PVCL,DB03,2
PVCL,DB04,6
PVCL,DB05,2
PVCL,DB07,5
PVCL,DVA,4
PVCL,PDEL,1
PVCL,PVCL,1
PVCL,PVCR,10
PVCL,RID,12
PVCL,RIS,2
PVCL,SIBDL,2
PVCL,SIBVL,7
PVCL,SMBVR,3
PVCL,VB04,3
PVCL,VB06,2
PVCL,VB07,1
PVCL,VB08,1
PVCL,VB11,1
PVCR,AQR,2
PVCR,AVAL,10
PVCR,AVAR,5
PVCR,AVBL,21
PVCR,AVBR,14
PVCR,AVDL,16
PVCR,AVDR,6
PVCR,AVEL,6
PVCR,AVER,6
PVCR,AVHL,1
PVCR,AVL,1
PVCR,DA02,1
PVCR,DA04,1
PVCR,DA05,2
PVCR,DA07,1
PVCR,DB02,4
PVCR,DB03,6
PVCR,DB04,6
PVCR,DB05,3
PVCR,DB07,1
PVCR,DVA,3
PVCR,FLPL,2
PVCR,LUAR,1
PVCR,PDEL,1
PVCR,PVCL,5
PVCR,PVDL,2
PVCR,PVDR,1
PVCR,PVPR,1
PVCR,PVR,1
PVCR,PVWR,1
PVCR,RID,19
PVCR,SIBVR,10
PVCR,VB03,1
PVCR,VB04,1
PVCR,VB06,4
PVCR,VB07,1
PVCR,VB08,2
PVCR,VB11,3
PVDL,AVAL,13
PVDL,AVAR,29
PVDL,AVDL,1
PVDL,AVDR,1
PVDL,AVFL,1
PVDL,AVG,8
PVDL,DD05,3
PVDL,PVCL,13
PVDL,PVCR,36
PVDL,PVDR,10
PVDL,PVPL,1
PVDL,VD10,3
PVDR,AVAL,9
PVDR,AVAR,30
PVDR,AVDL,1
PVDR,DVA,5
PVDR,PVCL,29
PVDR,PVCR,29
PVDR,PVDL,2
PVDR,PVR,4
PVDR,VA09,2
PVDR,VA12,3
PVDR,VB05,2
PVDR,VB06,4
PVM,AVKL,15
PVM,AVM,2
PVM,DVA,3
PVM,PDEL,10
PVM,PDER,7
PVM,PVCL,1
PVM,PVCR,2
PVM,PVM,6
PVM,PVR,3
PVNL,AVAL,6
PVNL,AVBR,2
PVNL,AVDL,7
PVNL,AVDR,6
PVNL,AVG,2
PVNL,AVJL,6
PVNL,AVJR,8
PVNL,AVL,1
PVNL,BDUL,5
PVNL,BDUR,2
PVNL,DD01,5
PVNL,LUAL,3
PVNL,PQR,5
PVNL,PVCL,5
PVNL,PVDL,3
PVNL,PVNR,9
PVNL,PVPR,1
PVNL,PVT,6
PVNL,PVWL,4
PVNL,PVWR,1
PVNL,VA12,1
PVNL,VD12,1
PVNR,ALML,2
PVNR,AVAL,5
PVNR,AVBR,1
PVNR,AVDL,1
PVNR,AVDR,2
PVNR,AVEL,5
PVNR,AVJL,1
PVNR,AVJR,1
PVNR,AVL,3
PVNR,BDUL,1
PVNR,CEPDL,2
PVNR,DB03,1
PVNR,DD02,1
PVNR,HSNR,1
PVNR,PQR,4
PVNR,PVCR,2
PVNR,PVDR,5
PVNR,PVNR,1
PVNR,PVR,1
PVNR,PVT,3
PVNR,PVWL,9
PVNR,PVWR,2
PVNR,URBL,2
PVNR,URXL,2
PVNR,VA05,1
PVNR,VA11,1
PVNR,VC02,1
PVNR,VD03,3
PVNR,VD04,6
PVNR,VD06,1
PVNR,VD07,1
PVNR,VD12,1
PVNR,VD13,1
PVPL,ADAL,1
PVPL,AQR,8
PVPL,AVAL,4
PVPL,AVAR,3
PVPL,AVBL,13
PVPL,AVBR,12
PVPL,AVDR,3
PVPL,AVHR,3
PVPL,PVCL,3
PVPL,PVCR,9
PVPL,PVDL,1
PVPL,RIGL,3
PVPL,RIR,1
PVPR,ADFR,2
PVPR,AQR,5
PVPR,ASHR,2
PVPR,AVAL,1
PVPR,AVAR,5
PVPR,AVBL,8
PVPR,AVBR,11
PVPR,AVG,1
PVPR,AVHL,3
PVPR,AVJL,2
PVPR,AVL,4
PVPR,DD02,1
PVPR,DVC,3
PVPR,HSNR,2
PVPR,PVCL,6
PVPR,PVCR,13
PVPR,PVQR,1
PVPR,RIAR,2
PVPR,RIGR,2
PVPR,RIMR,1
PVPR,URXR,1
PVQL,AIAL,10
PVQL,ASJL,3
PVQL,ASKL,12
PVQL,AVHR,1
PVQL,AWAL,1
PVQL,DA08,1
PVQL,DD06,1
PVQL,HSNL,3
PVQL,HSNR,6
PVQL,PVPL,1
PVQL,RMGL,1
PVQR,AIAL,1
PVQR,AIAR,12
PVQR,AIMR,2
PVQR,ASER,2
PVQR,ASJL,1
PVQR,ASKR,6
PVQR,AVBR,1
PVQR,AVFR,1
PVQR,AVL,2
PVQR,AWAR,4
PVQR,DD01,1
PVQR,DD06,2
PVQR,DVC,1
PVQR,PVT,1
PVQR,RIFR,4
PVQR,RMGR,1
PVQR,VC02,1
PVQR,VD01,1
PVR,ADAR,1
PVR,ALMR,2
PVR,AVBL,17
PVR,AVBR,17
PVR,AVJL,11
PVR,AVJR,5
PVR,AVKL,1
PVR,CEPVR,2
PVR,DA05,1
PVR,DA09,2
PVR,DB02,2
PVR,DB03,3
PVR,DB04,1
PVR,DB07,2
PVR,DVA,2
PVR,IL1DR,5
PVR,IL1VL,9
PVR,IL1VR,9
PVR,PDER,1
PVR,PVCL,4
PVR,PVM,1
PVR,PVR,1
PVR,RIPL,16
PVR,RIPR,19
PVR,SABD,2
PVR,SDQR,5
PVR,URADL,3
PVR,VB03,2
PVR,VB07,1
PVT,AIBL,5
PVT,AIBR,10
PVT,AVKL,7
PVT,AVKR,8
PVT,AVL,3
PVT,DVC,3
PVT,RIGL,1
PVT,RIGR,6
PVT,RIH,2
PVT,RIS,1
PVT,RMEV,4
PVT,RMFL,3
PVT,RMFR,7
PVWL,AVJL,1
PVWL,PVCL,1
PVWL,PVCR,1
PVWL,PVT,1
PVWL,PVWR,1
PVWL,VD12,1
PVWR,AVAR,1
PVWR,AVDR,2
PVWR,AVL,1
PVWR,LUAR,1
PVWR,PVCR,1
PVWR,PVT,2
PVWR,VA12,1
RIAL,AIZL,1
RIAL,AQR,4
RIAL,AVAL,2
RIAL,BAGR,2
RIAL,CEPDL,1
RIAL,RIAR,23
RIAL,RIBL,2
RIAL,RIML,2
RIAL,RIMR,2
RIAL,RIR,3
RIAL,RIVL,8
RIAL,RIVR,12
RIAL,RMDDL,48
RIAL,RMDDR,35
RIAL,RMDL,26
RIAL,RMDR,17
RIAL,RMDVL,48
RIAL,RMDVR,48
RIAL,SAADL,1
RIAL,SIADL,3
RIAL,SIAVR,2
RIAL,SMBDR,7
RIAL,SMDDL,22
RIAL,SMDDR,33
RIAL,SMDVL,14
RIAL,SMDVR,32
RIAL,URXL,2
RIAR,ADFR,2
RIAR,AUAR,2
RIAR,AVAR,2
RIAR,CEPVL,1
RIAR,CEPVR,1
RIAR,IL1R,2
RIAR,RIAL,38
RIAR,RIAR,3
RIAR,RIBR,1
RIAR,RIVL,3
RIAR,RIVR,3
RIAR,RMDDL,48
RIAR,RMDDR,53
RIAR,RMDL,9
RIAR,RMDR,35
RIAR,RMDVL,57
RIAR,RMDVR,47
RIAR,SAADR,1
RIAR,SIADR,4
RIAR,SIAVL,7
RIAR,SMBDR,2
RIAR,SMBVR,2
RIAR,SMDDL,32
RIAR,SMDDR,26
RIAR,SMDVL,43
RIAR,SMDVR,26
RIBL,AIBR,8
RIBL,AUAL,9
RIBL,AVAL,5
RIBL,AVBR,1
RIBL,AVDR,4
RIBL,AVEL,9
RIBL,AVER,14
RIBL,BAGR,3
RIBL,CEPVL,5
RIBL,DVC,1
RIBL,RIAL,6
RIBL,RIGL,1
RIBL,RIML,1
RIBL,RIS,5
RIBL,RMDR,1
RIBL,SMDVR,6
RIBL,URYDL,3
RIBR,AIBL,3
RIBR,AINL,1
RIBR,AIZR,2
RIBR,AUAR,2
RIBR,AVAR,6
RIBR,AVBL,2
RIBR,AVEL,6
RIBR,AVER,4
RIBR,BAGL,8
RIBR,OLLR,1
RIBR,RIAR,8
RIBR,RIGR,5
RIBR,RIH,2
RIBR,RIS,1
RIBR,RMDVR,1
RIBR,RMED,1
RIBR,SMDDL,2
RIBR,SMDVL,2
RIBR,SMDVR,2
RIBR,URYVR,2
RICL,ADAL,1
RICL,ADAR,7
RICL,ADLR,2
RICL,AVAL,15
RICL,AVAR,18
RICL,CEPDL,1
RICL,CEPVL,2
RICL,OLQVL,1
RICL,RICR,2
RICL,RIML,1
RICL,RIMR,8
RICL,RIVR,4
RICL,RMFR,2
RICL,SAAVL,2
RICL,SMBDL,5
RICL,SMBDR,1
RICL,SMDDL,11
RICL,SMDDR,8
RICL,SMDVR,1
RICL,URBR,2
RICR,ADAR,2
RICR,AIBL,2
RICR,AIBR,2
RICR,AIZL,6
RICR,AVAL,15
RICR,AVAR,13
RICR,AVKR,1
RICR,CEPDL,1
RICR,CEPDR,1
RICR,RICL,3
RICR,RIML,10
RICR,RIMR,1
RICR,RIVL,1
RICR,RMFL,1
RICR,RMGL,1
RICR,SMBDR,3
RICR,SMDDL,9
RICR,SMDDR,9
RICR,SMDVL,6
RICR,SMDVR,3
RICR,URBR,2
RICR,VB01,7
RID,AS11,1
RID,DA02,1
RID,DA06,2
RID,DB01,1
RID,DD01,3
RID,DD02,2
RID,DD03,2
RID,FLPL,1
RID,RMED,5
RID,VD05,1
RID,VD13,2
RIFL,ALML,5
RIFL,AVBL,26
RIFL,AVBR,1
RIFL,AVHR,1
RIFL,AVJR,8
RIFL,PVPL,8
RIFL,RIML,7
RIFR,ADLR,1
RIFR,AIZL,1
RIFR,ASHR,6
RIFR,AVBL,1
RIFR,AVBR,35
RIFR,AVFL,1
RIFR,AVJL,2
RIFR,AVJR,2
RIFR,AWBR,2
RIFR,CEPVR,2
RIFR,HSNL,2
RIFR,HSNR,3
RIFR,PVCL,1
RIFR,PVCR,1
RIFR,PVPR,6
RIFR,RIAR,1
RIFR,RIFL,1
RIFR,RIMR,10
RIFR,RIPR,2
RIFR,URXR,3
RIGL,ADFL,1
RIGL,ADLL,2
RIGL,AIBR,4
RIGL,AIZL,10
RIGL,AIZR,2
RIGL,ALNL,6
RIGL,AVEL,7
RIGL,AVER,1
RIGL,AVKR,17
RIGL,BAGR,3
RIGL,DVA,1
RIGL,OLQVL,2
RIGL,PVPL,2
RIGL,RIBL,3
RIGL,RIH,2
RIGL,RIR,8
RIGL,RMGL,6
RIGL,RMHR,23
RIGL,URXL,6
RIGR,AFDR,1
RIGR,AIBL,2
RIGR,AIZR,5
RIGR,ALNR,3
RIGR,AVDL,1
RIGR,AVER,4
RIGR,AVKL,21
RIGR,AVKR,5
RIGR,BAGL,2
RIGR,DVA,4
RIGR,DVC,2
RIGR,OLQVR,2
RIGR,PVT,5
RIGR,RIAR,3
RIGR,RIBR,2
RIGR,RIR,5
RIGR,RMHL,17
RIGR,URXR,3
RIGR,URYVR,2
RIH,ADFR,3
RIH,AIYL,3
RIH,AIYR,4
RIH,AIZL,12
RIH,AIZR,19
RIH,AUAR,2
RIH,BAGL,2
RIH,BAGR,5
RIH,CEPDL,6
RIH,CEPVL,3
RIH,CEPVR,6
RIH,IL2L,2
RIH,IL2R,3
RIH,IL2VL,4
RIH,IL2VR,5
RIH,OLQDL,11
RIH,OLQDR,7
RIH,OLQVL,13
RIH,OLQVR,7
RIH,RIAL,34
RIH,RIAR,36
RIH,RIBL,18
RIH,RIBR,15
RIH,RIPL,18
RIH,RIPR,7
RIH,RMER,6
RIH,RMEV,10
RIH,URAVR,1
RIH,URYVR,4
RIML,AIBL,1
RIML,AIBR,22
RIML,AVAL,5
RIML,AVAR,2
RIML,AVBL,9
RIML,AVBR,11
RIML,AVER,5
RIML,AVKR,1
RIML,RIAL,3
RIML,RIBL,9
RIML,RICR,1
RIML,RIML,11
RIML,RIMR,2
RIML,RMDL,9
RIML,RMDR,21
RIML,RMFL,2
RIML,RMFR,2
RIML,SAADL,1
RIML,SAADR,4
RIML,SAAVL,10
RIML,SAAVR,10
RIML,SMDDL,11
RIML,SMDDR,14
RIML,SMDVL,11
RIML,VB01,8
RIMR,ADAR,9
RIMR,AIBL,15
RIMR,AVAL,9
RIMR,AVBL,9
RIMR,AVBR,12
RIMR,AVJL,4
RIMR,AVKL,1
RIMR,RIBR,4
RIMR,RIML,4
RIMR,RIS,2
RIMR,RMDL,15
RIMR,RMDR,12
RIMR,RMFL,1
RIMR,RMFR,7
RIMR,SAAVL,11
RIMR,SAAVR,8
RIMR,SMDDL,9
RIMR,SMDDR,14
RIMR,SMDVL,2
RIMR,SMDVR,3
RIMR,VB01,2
RIPL,ADFL,3
RIPL,BAGL,7
RIPL,OLLL,4
RIPL,OLQDR,2
RIPL,OLQVL,1
RIPL,RIH,2
RIPL,RIPL,3
RIPR,ADFR,1
RIPR,AVBR,2
RIPR,BAGR,2
RIPR,IL1R,1
RIPR,OLQDR,3
RIPR,OLQVR,2
RIPR,RIH,1
RIPR,URAVR,1
RIPR,URBR,1
RIR,ADAR,1
RIR,ADFL,1
RIR,ADFR,4
RIR,AFDR,1
RIR,AIMR,1
RIR,AIZL,12
RIR,AIZR,15
RIR,AQR,2
RIR,ASHL,1
RIR,ASHR,1
RIR,AUAL,7
RIR,AVEL,4
RIR,AWBR,1
RIR,BAGR,1
RIR,DVA,9
RIR,HSNL,1
RIR,PVPL,2
RIR,PVPR,1
RIR,RIAL,11
RIR,RIAR,4
RIR,RIGL,2
RIR,RIGR,4
RIR,RMGL,1
RIR,RMGR,1
RIR,URXL,9
RIR,URXR,6
RIS,AVEL,17
RIS,AVER,18
RIS,AVKL,6
RIS,AVKR,13
RIS,AVL,9
RIS,CEPDL,4
RIS,CEPDR,1
RIS,CEPVL,7
RIS,CEPVR,4
RIS,OLLR,5
RIS,RIBL,8
RIS,RIBR,18
RIS,RIML,10
RIS,RIMR,15
RIS,RIS,3
RIS,RMDDL,1
RIS,RMDDR,1
RIS,RMDL,10
RIS,RMDR,16
RIS,RMEV,3
RIS,SMDDL,1
RIS,SMDDR,6
RIS,SMDVL,1
RIS,SMDVR,1
RIS,URYDR,1
RIS,URYVR,5
RIVL,RIAL,5
RIVL,RIAR,2
RIVL,RIVR,1
RIVL,RMDL,4
RIVL,RMDVL,5
RIVL,SAADR,11
RIVL,SIAVR,5
RIVL,SMDDR,8
RIVL,SMDVL,2
RIVR,RIAL,6
RIVR,RIAR,2
RIVR,RIVL,8
RIVR,RMDDL,1
RIVR,RMDR,4
RIVR,RMDVR,1
RIVR,RMHR,2
RIVR,SAADL,12
RIVR,SIAVL,5
RIVR,SMBVL,1
RIVR,SMDDL,6
RIVR,SMDVR,3
RMDDL,AVER,1
RMDDL,CEPVL,2
RMDDL,IL1DR,2
RMDDL,IL1R,9
RMDDL,RIAL,1
RMDDL,RMDVL,1
RMDDL,RMDVR,22
RMDDL,RMEV,2
RMDDL,RMHL,1
RMDDR,RMDDL,1
RMDDR,RMDVL,26
RMDDR,RMDVR,3
RMDL,ADER,3
RMDL,AVKR,1
RMDL,IL1L,1
RMDL,IL1R,1
RMDL,OLLR,3
RMDL,RIAL,20
RMDL,RIAR,22
RMDL,RIBR,1
RMDL,RIML,3
RMDL,RIS,1
RMDL,RIVL,1
RMDL,RMDDR,7
RMDL,RMDR,8
RMDL,RMDVL,2
RMDL,RMDVR,3
RMDL,RMFR,1
RMDL,RMHL,3
RMDL,SIBVR,3
RMDL,SMBVR,2
RMDL,SMDDR,1
RMDL,URXR,1
RMDR,AVKR,1
RMDR,IL1L,2
RMDR,OLLR,2
RMDR,RIAL,14
RMDR,RIAR,21
RMDR,RIMR,1
RMDR,RIS,1
RMDR,RMDDL,6
RMDR,RMDL,11
RMDR,RMDVL,9
RMDR,RMGL,1
RMDR,SIAVL,1
RMDR,SMDDR,1
RMDVL,AVER,2
RMDVL,CEPDL,2
RMDVL,IL1R,2
RMDVL,IL2VR,1
RMDVL,OLQVR,3
RMDVL,RMDDR,41
RMDVL,RMDR,2
RMDVL,RMDVR,1
RMDVL,SIAVR,2
RMDVL,SIBDR,1
RMDVL,URYVR,1
RMDVR,AVAR,1
RMDVR,CEPDR,2
RMDVR,IL1DR,1
RMDVR,IL1L,1
RMDVR,OLQVL,2
RMDVR,RIAR,1
RMDVR,RMDDL,43
RMDVR,RMDVR,2
RMDVR,SIAVL,2
RMDVR,SIBVR,1
RMDVR,SMBDR,1
RMDVR,URAVL,8
RMED,RIBL,1
RMED,RIBR,1
RMED,RMED,1
RMED,SMDDL,1
RMED,SMDDR,4
RMEL,IL1R,2
RMEL,OLLR,1
RMEL,RIPR,1
RMEL,RMEV,1
RMER,IL1L,4
RMER,RMER,5
RMER,RMHR,3
RMEV,RIBR,2
RMEV,RIH,2
RMEV,RIS,1
RMEV,RMDDL,1
RMEV,RMDDR,1
RMEV,RMED,1
RMEV,SMDDR,1
RMEV,SMDVL,1
RMFL,AVKL,9
RMFL,AVKR,14
RMFL,BAGL,1
RMFL,DVC,1
RMFL,PVT,3
RMFL,RIBR,1
RMFL,RIMR,2
RMFL,RIS,1
RMFL,RMDR,13
RMFL,RMHL,2
RMFL,SAAVR,1
RMFL,SMDVL,1
RMFR,AVKL,7
RMFR,AVKR,9
RMFR,DVC,2
RMFR,RIH,1
RMFR,RMDL,6
RMFR,RMDR,1
RMGL,ADAL,4
RMGL,ADLL,1
RMGL,AIBR,2
RMGL,AIML,3
RMGL,ASHL,1
RMGL,AVAL,3
RMGL,AVBR,3
RMGL,AVEL,2
RMGL,AVFR,1
RMGL,CEPDL,1
RMGL,PVPL,1
RMGL,RID,2
RMGL,RIFL,1
RMGL,RMDDR,1
RMGL,RMDL,2
RMGL,RMDR,16
RMGL,RMDVL,15
RMGL,RMHL,1
RMGL,RMHR,4
RMGL,SAADL,1
RMGL,SIADL,2
RMGL,SIADR,2
RMGL,SIAVL,4
RMGL,SIBDR,1
RMGL,SIBVL,4
RMGL,SIBVR,4
RMGL,SMBVL,2
RMGL,SMDDL,1
RMGL,SMDDR,2
RMGL,URXL,3
RMGR,ADAR,2
RMGR,ADER,2
RMGR,AIMR,2
RMGR,ALMR,1
RMGR,ALNR,4
RMGR,ASHR,1
RMGR,AVAL,1
RMGR,AVBL,2
RMGR,AVBR,3
RMGR,AVDL,2
RMGR,AVER,6
RMGR,AVJL,4
RMGR,IL2R,2
RMGR,OLLR,1
RMGR,RIGR,2
RMGR,RIR,1
RMGR,RMDDL,1
RMGR,RMDL,20
RMGR,RMDR,7
RMGR,RMDVR,23
RMGR,SAADL,3
RMGR,SAAVR,1
RMGR,SIADL,1
RMGR,SIAVR,2
RMGR,SIBDL,2
RMGR,SMBVR,1
RMGR,URXR,3
RMHL,AVAR,1
RMHL,IL1R,2
RMHL,RICL,1
RMHL,RICR,1
RMHL,RID,1
RMHL,RMDDL,2
RMHL,RMDR,1
RMHL,SAAVL,1
RMHL,URXR,1
RMHR,AIBR,3
RMHR,CEPVL,1
RMHR,RMDL,4
RMHR,RMDR,1
RMHR,RMER,4
RMHR,RMGL,8
RMHR,RMHL,3
RMHR,SMDDL,3
SAADL,AIBL,1
SAADL,AVAL,17
SAADL,OLLR,4
SAADL,RIGL,1
SAADL,RIML,11
SAADL,RIMR,16
SAADL,RIVR,1
SAADL,RMDVR,1
SAADL,RMFR,1
SAADL,SABD,2
SAADL,SIBVR,1
SAADR,AIBL,1
SAADR,AIBR,1
SAADR,AVAL,1
SAADR,AVAR,26
SAADR,OLLL,3
SAADR,PLNR,1
SAADR,RIML,14
SAADR,RIMR,23
SAADR,RMFL,5
SAADR,RMFR,1
SAADR,RMGL,1
SAADR,SABD,2
SAADR,SMBDR,2
SAADR,SMBVR,1
SAADR,SMDVL,5
SAAVL,AIBL,1
SAAVL,AVAL,56
SAAVL,OLLR,1
SAAVL,RIML,5
SAAVL,RIMR,33
SAAVL,RMFR,11
SAAVL,SABD,1
SAAVL,SMBDR,2
SAAVL,SMDDR,18
SAAVL,SMDVL,1
SAAVR,AIBR,1
SAAVR,ALNR,1
SAAVR,ASIR,1
SAAVR,AVAR,39
SAAVR,AVBL,1
SAAVR,IL1DL,12
SAAVR,RIAR,1
SAAVR,RIML,12
SAAVR,RIMR,7
SAAVR,RIPL,12
SAAVR,RMEV,1
SAAVR,SAAVR,1
SAAVR,SMBDL,1
SAAVR,SMDDL,17
SABD,SAADL,4
SABD,SAADR,4
SABVL,RIGR,1
SDQL,AIBR,2
SDQL,ALML,1
SDQL,AVAL,6
SDQL,AVAR,8
SDQL,AVBL,1
SDQL,AVBR,2
SDQL,AVDL,3
SDQL,AVEL,1
SDQL,DVA,1
SDQL,FLPL,2
SDQL,PVCL,1
SDQL,PVR,1
SDQL,RICR,3
SDQL,RIPR,1
SDQL,RIS,8
SDQL,RMFL,3
SDQL,SAADR,2
SDQL,SIADR,2
SDQL,SIBVL,1
SDQL,SMBDR,11
SDQR,ADLL,1
SDQR,AIBL,8
SDQR,ALML,1
SDQR,AVAL,8
SDQR,AVBL,23
SDQR,AVBR,19
SDQR,DVA,10
SDQR,RICL,1
SDQR,RICR,3
SDQR,RMHL,15
SDQR,RMHR,7
SDQR,SDQL,4
SDQR,SIADL,2
SIADL,ALNR,4
SIADL,AVFR,1
SIADL,RMDL,4
SIADL,SDQR,4
SIADL,SIBDL,4
SIADL,SMBDL,18
SIADL,SMDDL,17
SIADR,ALML,1
SIADR,AVAL,1
SIADR,CEPDL,1
SIADR,IL1VR,1
SIADR,SDQL,4
SIADR,SIBDR,4
SIADR,SMBDR,17
SIADR,SMDDR,17
SIAVL,ADEL,1
SIAVL,IL2L,1
SIAVL,PLNL,10
SIAVL,SIBVR,2
SIAVL,SMBVL,2
SIAVL,SMDVR,10
SIAVR,PLNR,10
SIAVR,RMDL,1
SIAVR,SIBVL,2
SIBDL,SIADL,2
SIBDR,SIADR,2
SIBDR,SMDDR,10
SIBVL,ALNR,1
SIBVL,PVPL,1
SIBVL,SIAVR,5
SIBVL,SMBDR,1
SIBVR,AVDR,1
SIBVR,RID,1
SIBVR,SIAVL,5
SMBDL,AIZL,1
SMBDL,ALNR,1
SMBDL,RIH,2
SMBDL,RMED,4
SMBDL,SAAVR,9
SMBDL,SDQR,18
SMBDL,SIADL,19
SMBDL,SIAVL,3
SMBDL,SMBVL,2
SMBDL,SMDDL,7
SMBDR,ALNL,5
SMBDR,AVAL,1
SMBDR,RIVL,1
SMBDR,RMED,25
SMBDR,SAAVL,8
SMBDR,SDQL,18
SMBDR,SIADR,20
SMBDR,SIAVR,1
SMBDR,SMBDL,3
SMBDR,SMDDR,4
SMBVL,AIML,1
SMBVL,AVBR,1
SMBVL,AVFL,1
SMBVL,AVHR,1
SMBVL,AVJR,1
SMBVL,PLNL,5
SMBVL,PVPL,1
SMBVL,RMDVR,1
SMBVL,RMEV,20
SMBVL,SAADL,16
SMBVL,SIAVL,1
SMBVL,SMBDL,2
SMBVR,ADLR,2
SMBVR,AVHL,2
SMBVR,CEPVR,8
SMBVR,PLNR,5
SMBVR,PVR,2
SMBVR,RIAR,1
SMBVR,RMDL,2
SMBVR,RMDR,3
SMBVR,RMEV,8
SMBVR,RMGR,3
SMBVR,SAADR,12
SMBVR,SIAVR,1
SMBVR,SMBDR,2
SMDDL,AVEL,1
SMDDL,AVER,1
SMDDL,RIAL,9
SMDDL,RIAR,14
SMDDL,RIML,2
SMDDL,RIMR,1
SMDDL,RIS,2
SMDDL,RIVR,1
SMDDL,RMDL,3
SMDDL,RMDR,1
SMDDL,SAAVR,1
SMDDL,SIADL,14
SMDDL,SIBDL,14
SMDDL,SMBDL,3
SMDDL,SMDDR,1
SMDDL,SMDVL,2
SMDDL,SMDVR,17
SMDDL,URYDL,1
SMDDR,AIZR,2
SMDDR,ALNL,1
SMDDR,ALNR,2
SMDDR,ASGL,1
SMDDR,ASJL,1
SMDDR,AVER,1
SMDDR,RIAL,5
SMDDR,RIAR,3
SMDDR,RIBL,1
SMDDR,RIMR,3
SMDDR,RIS,3
SMDDR,RIVL,1
SMDDR,RMDR,1
SMDDR,SIADR,14
SMDDR,SIBDR,14
SMDDR,SMBDR,3
SMDDR,SMDDL,4
SMDDR,SMDVL,5
SMDVL,ALNL,2
SMDVL,ALNR,6
SMDVL,CEPVR,1
SMDVL,IL2L,1
SMDVL,PLNL,6
SMDVL,PVR,1
SMDVL,RIAL,19
SMDVL,RIAR,31
SMDVL,RIBR,1
SMDVL,RIVL,6
SMDVL,RMDDR,3
SMDVL,SIADR,1
SMDVL,SIAVR,30
SMDVL,SIBVL,30
SMDVL,SMDDR,22
SMDVL,SMDVR,2
SMDVR,AIBR,1
SMDVR,AVAR,1
SMDVR,AVER,1
SMDVR,CEPVL,1
SMDVR,PLNL,6
SMDVR,RIAL,24
SMDVR,RIAR,16
SMDVR,RIML,1
SMDVR,RIVR,1
SMDVR,RMDDL,3
SMDVR,RMED,9
SMDVR,SIAVL,30
SMDVR,SIBVR,30
SMDVR,SMDDL,14
SMDVR,SMDVL,1
SMDVR,VB01,1
URADL,IL1DL,4
URADL,RIH,3
URADL,RIPL,12
URADL,RMEL,8
URADR,IL1DR,3
URADR,RIPR,16
URADR,RMER,1
URADR,URYDR,1
URAVL,AVER,1
URAVL,CEPVL,1
URAVL,DVC,1
URAVL,IL1L,3
URAVL,IL1VL,6
URAVL,RIBL,1
URAVL,RIPL,15
URAVL,RMDDL,7
URAVL,RMDVR,1
URAVL,RMEL,8
URAVL,RMER,3
URAVL,RMEV,10
URAVR,ADAR,1
URAVR,IL1R,2
URAVR,IL1VR,9
URAVR,IL2VR,3
URAVR,PVT,3
URAVR,RIH,1
URAVR,RIPR,13
URAVR,RMDDR,1
URAVR,RMDVL,1
URAVR,RMEL,1
URAVR,RMER,4
URAVR,RMEV,2
URAVR,URYVR,1
URBL,ADAL,3
URBL,AVBL,1
URBL,CEPDL,2
URBL,IL1L,10
URBL,OLLL,1
URBL,PVR,1
URBL,RICL,1
URBL,RICR,1
URBL,RMDDR,2
URBL,RMHR,5
URBL,SIADR,2
URBL,SIAVL,2
URBL,SMBDR,3
URBL,URBL,1
URBL,URXL,26
URBL,URYDL,1
URBR,ADAR,5
URBR,ADER,1
URBR,ADLR,2
URBR,AVBR,1
URBR,AVDL,1
URBR,CEPDR,1
URBR,CEPVR,4
URBR,IL1DR,2
URBR,IL1R,5
URBR,IL2R,3
URBR,OLLR,1
URBR,OLQDR,2
URBR,RICL,1
URBR,RICR,1
URBR,RMDL,1
URBR,RMDR,1
URBR,RMGR,8
URBR,SIADL,3
URBR,SIAVR,3
URBR,SIBDR,2
URBR,SIBVR,2
URBR,SMBDL,4
URBR,SMBVR,1
URBR,URXR,16
URXL,ADAL,6
URXL,ADFL,1
URXL,AIML,2
URXL,AIZL,1
URXL,ASHL,1
URXL,ASIL,1
URXL,AUAL,14
URXL,AVAL,1
URXL,AVBL,4
URXL,AVDR,1
URXL,AVEL,9
URXL,AVJR,4
URXL,BAGR,2
URXL,CEPDL,1
URXL,HSNR,1
URXL,IL1DL,2
URXL,IL2L,1
URXL,OLQVL,2
URXL,RIAL,15
URXL,RICL,8
URXL,RID,1
URXL,RIGL,6
URXL,RIR,1
URXL,RMGL,5
URXL,URXL,3
URXR,ADAR,1
URXR,ADFR,4
URXR,ADLR,3
URXR,AIMR,3
URXR,ALMR,1
URXR,AUAR,21
URXR,AVAR,2
URXR,AVBL,2
URXR,AVBR,3
URXR,AVER,2
URXR,AWBR,2
URXR,CEPDR,1
URXR,OLQVR,2
URXR,RIAR,20
URXR,RICR,3
URXR,RIFR,3
URXR,RIGR,7
URXR,RIPR,10
URXR,RIR,4
URXR,RMDDL,2
URXR,RMDR,8
URXR,RMGR,6
URXR,SIADL,2
URXR,SIAVR,4
URXR,SMBVR,7
URXR,URBR,8
URYDL,AIZL,1
URYDL,AVEL,1
URYDL,AVER,9
URYDL,IL1DL,3
URYDL,OLLL,3
URYDL,OLQDL,2
URYDL,RIBL,8
URYDL,RMDDR,15
URYDL,RMDVL,18
URYDL,SMDDL,2
URYDL,SMDDR,3
URYDR,AVBL,1
URYDR,AVEL,5
URYDR,AVER,2
URYDR,AWCL,1
URYDR,CEPDR,3
URYDR,IL1DR,5
URYDR,OLQDR,1
URYDR,RIBR,1
URYDR,RMDDL,9
URYDR,RMDVR,12
URYDR,RMED,7
URYDR,SMDDL,11
URYDR,SMDVR,3
URYDR,URXR,1
URYVL,ADAL,1
URYVL,AVBR,1
URYVL,AVDR,2
URYVL,AVER,23
URYVL,AVJR,1
URYVL,CEPVL,3
URYVL,IL1VL,1
URYVL,OLLL,9
URYVL,OLQVL,9
URYVL,RIAL,2
URYVL,RIBL,9
URYVL,RID,4
URYVL,RIH,2
URYVL,RIS,1
URYVL,RMDDL,23
URYVL,RMDVR,17
URYVL,SIBVL,1
URYVL,SIBVR,4
URYVL,SMDVR,13
URYVL,URXL,2
URYVR,ADAR,1
URYVR,AVAL,2
URYVR,AVBL,5
URYVR,AVEL,26
URYVR,AVL,5
URYVR,CEPVR,1
URYVR,IL1VR,3
URYVR,RIAR,2
URYVR,RIBR,19
URYVR,RMDDR,32
URYVR,RMDL,2
URYVR,RMDVL,19
URYVR,SIBDR,4
URYVR,SIBVL,5
URYVR,SMBDR,1
URYVR,SMDVL,11
VA01,DA02,1
VA01,DD01,12
VA01,VD01,3
VA02,AVAL,1
VA02,DD01,20
VA02,VA01,2
VA02,VA03,2
VA02,VB01,1
VA02,VB02,1
VA02,VD01,1
VA02,VD02,27
VA03,DD01,18
VA03,DD02,10
VA03,VA04,2
VA03,VB02,1
VA03,VB03,3
VA03,VD02,3
VA03,VD03,11
VA04,AVAR,1
VA04,AVDL,1
VA04,AVER,1
VA04,DD02,17
VA04,VB03,8
VA04,VB04,1
VA04,VD04,8
VA05,DD02,6
VA05,DD03,17
VA05,VA06,2
VA05,VB04,1
VA05,VD05,9
VA06,AS01,13
VA06,AS02,1
VA06,AVAR,1
VA06,DD03,21
VA06,VA05,2
VA06,VB04,1
VA06,VB05,7
VA06,VD05,3
VA06,VD06,6
VA07,AS01,1
VA07,AS02,10
VA07,AS03,3
VA07,DD03,3
VA07,DD04,17
VA07,VB06,1
VA07,VD06,2
VA07,VD07,13
VA08,AS02,1
VA08,AS03,4
VA08,AS04,11
VA08,AS05,3
VA08,DD04,9
VA08,DD05,9
VA08,VB06,1
VA08,VD07,2
VA08,VD08,3
VA08,VD09,3
VA09,AS06,5
VA09,AS07,3
VA09,DD04,6
VA09,DD05,6
VA09,DD06,6
VA09,VB07,1
VA09,VB08,1
VA09,VD09,2
VA09,VD10,3
VA09,VD11,3
VA10,AS06,3
VA10,AS07,6
VA10,AS10,1
VA10,DD05,9
VA10,DD06,9
VA10,VB08,1
VA10,VB09,1
VA10,VD10,2
VA10,VD11,3
VA10,VD12,3
VA11,AS07,2
VA11,AS08,10
VA11,AS09,1
VA11,DD06,19
VA11,PVNR,1
VA11,VB10,6
VA11,VD11,5
VA11,VD12,3
VA12,AS08,2
VA12,AS09,8
VA12,AS10,6
VA12,AS11,6
VA12,AVAL,3
VA12,DA08,9
VA12,DA09,17
VA12,DB07,10
VA12,DD06,2
VA12,LUAL,2
VA12,PHCR,1
VA12,PVCL,3
VA12,PVCR,4
VA12,VA11,4
VA12,VB11,4
VA12,VD12,7
VA12,VD13,12
VB01,ADAL,5
VB01,AIBR,2
VB01,DD01,1
VB01,RIML,10
VB01,RMFL,10
VB01,SAADL,18
VB01,SAADR,5
VB01,SABD,1
VB01,SMBVL,3
VB01,VA01,7
VB01,VA02,2
VB01,VA03,2
VB01,VA04,2
VB01,VB02,1
VB01,VD01,4
VB01,VD02,2
VB02,AVEL,1
VB02,DD01,30
VB02,DD02,1
VB02,VA02,5
VB02,VA03,11
VB02,VC02,1
VB02,VD02,14
VB02,VD03,4
VB03,DD02,36
VB03,VA04,10
VB03,VA05,1
VB03,VD03,4
VB03,VD04,6
VB04,AVG,1
VB04,DD02,7
VB04,DD03,13
VB04,VA04,1
VB04,VA05,1
VB04,VB05,1
VB04,VD04,1
VB04,VD05,3
VB05,DD03,34
VB05,VA06,2
VB05,VD06,10
VB06,DD04,32
VB06,DVA,1
VB06,PVNR,1
VB06,VA07,3
VB06,VA08,2
VB06,VB07,1
VB06,VD06,1
VB06,VD07,22
VB07,DD04,11
VB07,DD05,29
VB07,VA09,1
VB07,VA10,1
VB07,VD08,5
VB07,VD09,6
VB08,DD05,10
VB08,DD06,19
VB08,VA11,2
VB08,VD09,5
VB08,VD10,6
VB09,DD05,10
VB09,DD06,19
VB09,VA11,2
VB09,VD10,5
VB09,VD11,6
VB10,DD06,19
VB10,PVT,1
VB10,VA11,3
VB10,VD11,7
VB10,VD12,6
VB11,DD06,19
VB11,PVCR,1
VB11,PVWL,1
VB11,PVWR,1
VB11,VA12,5
VB11,VD12,2
VB11,VD13,22
VC01,AVFL,1
VC01,AVL,2
VC01,DD01,6
VC01,DD02,8
VC01,DD03,8
VC01,DVC,1
VC01,PVPR,1
VC01,PVT,4
VC01,VC02,4
VC01,VC03,2
VC01,VD01,5
VC01,VD02,1
VC01,VD03,2
VC01,VD04,4
VC01,VD05,4
VC01,VD06,1
VC02,DB04,1
VC02,DD01,6
VC02,DD02,4
VC02,DD03,8
VC02,DVC,3
VC02,PVCL,1
VC02,PVPR,1
VC02,PVQR,1
VC02,PVT,6
VC02,VC01,3
VC02,VC03,4
VC02,VD01,2
VC02,VD02,3
VC02,VD04,6
VC02,VD05,4
VC02,VD06,2
VC03,AVBL,1
VC03,AVJL,1
VC03,AVL,1
VC03,DD01,1
VC03,DD02,3
VC03,DD03,5
VC03,DD04,16
VC03,HSNR,1
VC03,PVNR,1
VC03,PVPR,2
VC03,PVQR,2
VC03,PVT,5
VC03,SABVL,1
VC03,VB02,1
VC03,VB04,1
VC03,VC01,5
VC03,VC02,2
VC03,VD01,2
VC03,VD02,1
VC03,VD03,2
VC03,VD04,3
VC03,VD05,3
VC03,VD06,5
VC03,VD07,8
VC04,AVBR,1
VC04,AVHR,1
VC04,VC03,1
VC04,VC05,2
VC05,AVFL,2
VC05,AVFR,1
VC05,DVC,3
VC05,HSNL,1
VC05,HSNR,3
VC05,PVR,1
VC05,PVT,1
VC05,VC04,4
VC05,VC05,6
VC06,AVG,2
VC06,AVL,4
VC06,DD06,6
VC06,PVNR,4
VC06,VD11,10
VC06,VD12,7
VD01,DD01,2
VD01,VA01,8
VD01,VB01,5
VD02,AS01,1
VD02,AVEL,1
VD02,DD01,1
VD02,VA02,12
VD02,VB02,4
VD03,DD01,6
VD03,VA03,4
VD03,VB02,2
VD03,VB03,1
VD04,VA04,1
VD04,VB03,2
VD05,AVAR,1
VD05,DD03,1
VD05,VA05,2
VD05,VA06,1
VD05,VB01,1
VD05,VB04,2
VD06,AVAL,1
VD06,DD03,6
VD06,PVNR,1
VD06,VA06,3
VD06,VB05,1
VD07,DD04,1
VD07,VA07,2
VD07,VB06,2
VD07,VB07,1
VD08,DD04,5
VD08,PVT,1
VD08,VA08,2
VD08,VA09,1
VD08,VB07,2
VD09,VA09,3
VD09,VB08,2
VD10,VA10,2
VD10,VB09,1
VD11,AVAR,2
VD11,DD06,2
VD11,PVT,1
VD11,VA11,2
VD11,VB10,1
VD12,DD06,2
VD12,VA11,3
VD12,VA12,13
VD12,VB11,1
VD12,VC06,1
VD13,AVAR,2
VD13,DD06,3
VD13,PVCR,1
VD13,PVWL,1
VD13,VA12,11
VD13,VD12,1
VD13,VD13,2
